,label,features,prediction
0,4141.0,"(5,[0,1,2,3,4],[1.29,4.0,9.4,32.5,1.0])",30497.2833016
1,4141.0,"(5,[0,2,3],[0.18,3.8,36.5])",37497.5821599
2,4141.0,"(5,[1,2,3],[16.9,6.5,43.0])",39700.0038335
3,8465.0,"(5,[2,3],[6.0,46.0])",50160.5260111
4,9267.0,"(5,[0,1,2,3,4],[0.02,7.9,5.4,24.0,1.0])",21148.6164592
5,9267.0,"(5,[0,2,3],[0.02,4.3,41.5])",44321.3414356
6,9379.0,"(5,[1,2,3],[18.9,3.4,33.5])",26695.6360745
7,14267.0,"(5,[2,3],[8.1,36.0])",37301.7758677
8,15737.0,"(5,[1,2,3],[2.0,4.9,39.0])",40374.398542
9,15737.0,"(5,[1,2,3],[6.0,9.6,17.5])",11165.573438
10,15737.0,"(5,[1,2,3],[7.1,7.2,13.5])",5587.75213518
11,16326.0,"(5,[1,2,3],[12.0,3.1,46.5])",46111.213076
12,16326.0,"(5,[2,3],[7.6,38.0])",39873.4133339
13,16966.0,"(5,[0,2,3],[0.51,4.3,40.0])",41190.9630762
14,17163.0,"(5,[1,2,3],[11.8,5.8,14.0])",4392.60973583
15,18540.0,"(5,[0,1,2,3,4],[0.43,6.0,5.6,31.0,1.0])",29889.3873149
16,19006.0,"(5,[0,2,3,4],[0.11,8.7,34.5,1.0])",37523.911336
17,19006.0,"(5,[1,2,3],[2.0,4.0,35.5])",35871.5354956
18,19006.0,"(5,[1,2,3],[3.9,5.1,32.5])",31272.254774
19,19006.0,"(5,[2,3],[6.9,40.5])",43087.8546393
20,19515.0,"(5,[2,3],[3.6,38.5])",40510.8704541
21,19977.0,"(5,[0,1,2,3,4],[0.29,5.9,10.5,13.5,1.0])",7770.54538463
22,19977.0,"(5,[1,2,3],[6.0,8.7,32.0])",29813.779228
23,19977.0,"(5,[2,3],[4.5,28.0])",27007.3466278
24,19977.0,"(5,[2,3],[7.8,40.0])",42446.035722
25,20384.0,"(5,[0,2,3,4],[0.14,6.7,26.5,1.0])",27158.1952263
26,20384.0,"(5,[1,2,3],[2.0,8.7,29.5])",28161.1255973
27,20384.0,"(5,[2,3],[6.7,43.5])",46946.0847057
28,20957.0,"(5,[0,1,2,3,4],[1.17,1.2,6.7,35.0,1.0])",35097.0038411
29,20957.0,"(5,[0,2,3],[0.73,6.5,50.5])",54159.5691546
30,20957.0,"(5,[1,2,3],[16.0,8.9,29.0])",22048.6176701
31,21306.0,"(5,[1,2,3],[1.0,8.5,23.5])",20834.5143947
32,21306.0,"(5,[1,2,3],[1.2,4.9,32.0])",31683.759625
33,21306.0,"(5,[1,2,3],[3.9,5.1,46.0])",48635.5564013
34,21306.0,"(5,[2,3],[6.3,22.0])",19292.8563387
35,21988.0,"(5,[0,2,3],[0.04,5.1,49.0])",53919.7203293
36,22732.0,"(5,[0,2,3],[0.01,4.5,67.5])",77786.5683121
37,22732.0,"(5,[2,3],[7.4,34.5])",35371.5352095
38,22732.0,"(5,[2,3],[8.3,34.0])",34729.7162922
39,23209.0,"(5,[1,2,3],[3.0,9.6,39.5])",40633.4036855
40,23590.0,"(5,[2,3],[5.8,44.0])",47587.903623
41,23590.0,"(5,[2,3],[9.4,35.5])",36660.519763
42,23591.0,"(5,[2,3],[13.4,29.0])",28306.0396973
43,23809.0,"(5,[2,3],[5.4,33.0])",33439.4654105
44,24395.0,"(5,[1,2,3],[9.1,6.7,28.0])",23455.1344394
45,24395.0,"(5,[2,3],[6.3,43.5])",46945.5218932
46,24395.0,"(5,[2,3],[10.1,25.5])",23799.7997758
47,25688.0,"(5,[0,1,2,3],[0.11,11.0,12.3,29.5])",24380.3127952
48,26016.0,"(5,[1,2,3],[5.1,5.4,38.0])",37877.7828044
49,26016.0,"(5,[2,3],[6.5,57.5])",64952.1901722
50,26101.0,"(5,[2,3],[6.5,65.5])",75241.5540995
51,26612.0,"(5,[0,2,3],[0.01,4.9,44.5])",48205.2098337
52,26612.0,"(5,[1,2,3],[3.1,5.1,47.0])",50234.2814115
53,26612.0,"(5,[2,3],[6.0,38.5])",40514.2473293
54,26635.0,"(5,[2,3],[5.1,49.0])",54017.7711557
55,26791.0,"(5,[0,2,3],[0.03,8.3,40.0])",42373.2011179
56,26791.0,"(5,[0,2,3],[0.62,12.5,34.5])",33858.9232604
57,26896.0,"(5,[2,3],[6.9,31.0])",30869.2349756
58,26896.0,"(5,[2,3],[14.3,23.5])",21233.3683255
59,27090.0,"(5,[0,1,2,3],[0.01,21.0,4.5,33.5])",25852.2154892
60,27090.0,"(5,[1,2,3],[11.0,6.0,24.0])",17567.1505705
61,27090.0,"(5,[2,3],[3.1,47.5])",52085.7013567
62,27442.0,"(5,[2,3],[7.6,33.5])",34085.6461248
63,27442.0,"(5,[2,3],[8.5,25.0])",23154.4632803
64,27718.0,"(5,[1,2,3],[8.0,8.3,31.5])",28388.7448718
65,27718.0,"(5,[1,2,3],[8.0,8.5,35.0])",32890.6229962
66,27901.0,"(5,[0,1,2,3,4],[0.1,7.9,3.6,26.0,1.0])",23522.323132
67,27901.0,"(5,[2,3],[4.0,31.5])",31508.2398303
68,27901.0,"(5,[2,3],[5.8,39.0])",41157.0511685
69,27901.0,"(5,[2,3],[6.7,38.5])",40515.2322512
70,27991.0,"(5,[2,3],[-9999.0,44.0])",33510.8368217
71,27991.0,"(5,[2,3],[11.0,22.0])",19299.4693858
72,28356.0,"(5,[0,2,3],[0.03,6.7,45.5])",49444.8875678
73,28356.0,"(5,[1,2,3],[2.0,4.3,54.5])",60309.1969323
74,28356.0,"(5,[2,3],[4.9,32.0])",32152.5914039
75,28776.0,"(5,[0,2,3,4],[0.07,8.7,26.0,1.0])",26689.5129896
76,28776.0,"(5,[2,3],[4.0,44.0])",47585.3709667
77,28776.0,"(5,[2,3],[9.6,29.0])",28300.6929783
78,28990.0,"(5,[0,2,3],[1.22,4.0,44.5])",45237.9060079
79,28990.0,"(5,[2,3],[7.2,35.5])",36657.4242941
80,29019.0,"(5,[2,3],[4.9,52.0])",57876.0012221
81,29677.0,"(5,[0,2,3],[0.01,10.1,51.0])",56572.6345874
82,29677.0,"(5,[0,2,3],[0.06,6.7,53.0])",59017.6281298
83,29677.0,"(5,[0,2,3],[0.09,12.8,42.0])",44804.797501
84,29677.0,"(5,[2,3],[14.8,50.5])",55960.6750957
85,29987.0,"(5,[0,2,3,4],[0.02,6.5,24.0,1.0])",24236.6400719
86,29987.0,"(5,[0,2,3,4],[0.03,4.3,30.0,1.0])",31926.0548419
87,30115.0,"(5,[0,2,3],[0.03,5.4,45.0])",48799.9731816
88,30115.0,"(5,[2,3],[11.4,31.0])",30875.5666165
89,30171.0,"(5,[0,2,3],[0.37,7.6,47.0])",50541.9776082
90,30187.0,"(5,[0,2,3],[0.08,5.8,35.0])",35816.2675521
91,30775.0,"(5,[2,3],[8.5,27.5])",26369.8895075
92,30833.0,"(5,[0,1,2,3,4],[0.52,9.8,2.2,27.5,1.0])",23677.7583642
93,30833.0,"(5,[0,2,3],[0.37,3.8,40.0])",41533.4374529
94,31431.0,"(5,[0,1,2,3,4],[0.16,18.1,5.1,32.5,1.0])",27752.395509
95,31431.0,"(5,[2,3],[7.2,31.5])",31512.7423305
96,31431.0,"(5,[2,3],[7.2,56.5])",63667.0046032
97,31456.0,"(5,[0,2,3],[0.04,5.8,64.0])",73213.2626148
98,31575.0,"(5,[2,3],[7.8,34.0])",34729.0127765
99,31755.0,"(5,[0,2,3],[0.44,9.6,50.0])",54231.7141974
100,31755.0,"(5,[1,2,3],[11.0,3.6,21.0])",13705.2622226
101,31755.0,"(5,[2,3],[7.4,49.0])",54021.0073277
102,31755.0,"(5,[2,3],[9.4,42.5])",45663.7131994
103,32474.0,"(5,[0,1,2,3,4],[1.17,14.0,6.9,29.5,1.0])",23022.4752383
104,32507.0,"(5,[0,1,2,3,4],[0.1,13.0,2.9,37.5,1.0])",36319.7637949
105,32728.0,"(5,[0,1,2,3,4],[0.67,14.2,4.9,29.5,1.0])",24167.1578755
106,32728.0,"(5,[0,2,3],[0.16,8.1,37.5])",38838.8282986
107,32728.0,"(5,[2,3],[5.6,26.5])",25079.6386258
108,32728.0,"(5,[2,3],[7.6,34.5])",35371.8166157
109,32748.0,"(5,[1,2,3],[10.0,3.1,27.0])",21812.2748016
110,33021.0,"(5,[0,2,3],[0.04,4.7,26.0])",24337.2362258
111,33021.0,"(5,[0,2,3],[0.24,6.7,47.0])",50859.3764657
112,33308.0,"(5,[0,2,3],[0.08,6.7,34.5])",35174.4486348
113,33308.0,"(5,[0,2,3,4],[0.05,4.0,20.5,1.0])",19657.9876557
114,33308.0,"(5,[1,2,3],[2.0,2.7,29.5])",28152.6834095
115,33308.0,"(5,[2,3],[6.7,40.0])",42444.4879876
116,33856.0,"(5,[2,3],[6.0,34.5])",35369.5653656
117,33856.0,"(5,[2,3],[9.4,29.5])",28943.4968175
118,33930.0,"(5,[0,2,3],[0.09,11.4,39.0])",40944.3161844
119,33930.0,"(5,[2,3],[5.4,34.5])",35368.7211469
120,34673.0,"(5,[0,2,3],[0.26,6.0,32.0])",31516.808767
121,34673.0,"(5,[2,3],[3.4,44.0])",47584.5267479
122,34978.0,"(5,[2,3],[7.6,37.5])",39230.3280885
123,35853.0,"(5,[0,2,3],[1.32,-9999.0,45.5])",32204.4152878
124,35853.0,"(5,[1,2,3],[11.8,6.5,28.5])",23043.0667759
125,35853.0,"(5,[2,3],[4.7,38.5])",40512.4181886
126,35853.0,"(5,[2,3],[15.0,39.0])",41169.9958565
127,36025.0,"(5,[0,2,3],[1.16,7.6,46.5])",47962.3885419
128,36025.0,"(5,[2,3],[6.0,55.0])",61736.0604293
129,36090.0,"(5,[2,3],[3.8,62.0])",70736.1583968
130,36090.0,"(5,[2,3],[6.9,52.0])",57878.8152847
131,36090.0,"(5,[2,3],[8.5,45.0])",48877.8730985
132,36440.0,"(5,[0,2,3],[0.11,4.9,61.0])",69181.8958678
133,36440.0,"(5,[2,3],[2.9,61.0])",69448.7215777
134,36440.0,"(5,[2,3],[3.6,60.5])",68806.6212542
135,36440.0,"(5,[2,3],[4.5,63.0])",72023.3138096
136,36440.0,"(5,[2,3],[5.1,77.0])",90030.5449011
137,36501.0,"(5,[0,2,3],[0.19,4.9,57.5])",64484.1974969
138,36624.0,"(5,[0,2,3],[0.13,4.9,64.5])",73634.4671728
139,36739.0,"(5,[2,3],[5.8,51.5])",57234.1823048
140,36866.0,"(5,[2,3],[3.4,36.0])",37295.1628206
141,36866.0,"(5,[2,3],[8.5,26.0])",24440.6337712
142,36918.0,"(5,[2,3],[1.8,42.5])",45653.0197614
143,37419.0,"(5,[0,1,2,3,4],[0.19,1.0,4.9,29.0,1.0])",29857.8321152
144,37419.0,"(5,[1,2,3],[1.2,12.8,16.0])",11116.1473177
145,37419.0,"(5,[2,3],[8.7,33.5])",34087.1938593
146,37488.0,"(5,[2,3],[7.2,15.5])",10934.0144759
147,37792.0,"(5,[0,1,2,3,4],[0.49,7.0,11.0,22.0,1.0])",17783.6814771
148,37792.0,"(5,[1,2,3],[15.0,8.1,33.0])",27582.8671579
149,38547.0,"(5,[1,2,3],[7.0,10.7,32.0])",29425.9001415
150,38584.0,"(5,[0,2,3],[0.18,6.3,53.0])",58722.9128382
151,38584.0,"(5,[2,3],[5.8,44.0])",47587.903623
152,38584.0,"(5,[2,3],[6.7,44.5])",48232.2551966
153,38584.0,"(5,[2,3],[7.2,29.0])",28297.3161032
154,38906.0,"(5,[0,2,3,4],[0.46,10.5,21.0,1.0])",19305.1976343
155,38906.0,"(5,[1,2,3],[3.0,8.3,21.5])",17480.5057084
156,39149.0,"(5,[0,2,3],[0.45,4.9,48.5])",52271.3327073
157,39149.0,"(5,[2,3],[8.9,38.5])",40518.3277201
158,39390.0,"(5,[2,3],[7.8,48.0])",52735.3996493
159,39390.0,"(5,[2,3],[8.3,49.5])",54665.3589013
160,39549.0,"(5,[1,2,3],[1.0,6.7,32.5])",32407.5161566
161,40047.0,"(5,[2,3],[3.6,37.5])",39224.6999632
162,40047.0,"(5,[2,3],[4.7,50.5])",55946.4640795
163,41585.0,"(5,[2,3],[6.7,33.0])",33441.2945512
164,41872.0,"(5,[2,3],[4.9,40.5])",43085.0405767
165,41872.0,"(5,[2,3],[5.8,65.5])",75240.5691776
166,41872.0,"(5,[2,3],[8.7,50.5])",55952.0922047
167,42019.0,"(5,[2,3],[5.1,44.0])",47586.9187011
168,42176.0,"(5,[0,2,3],[0.01,2.5,54.0])",60420.4526222
169,42176.0,"(5,[0,2,3],[0.07,2.9,54.5])",60917.0244406
170,42176.0,"(5,[0,2,3],[0.64,7.4,39.0])",39590.4891966
171,42176.0,"(5,[2,3],[2.2,45.5])",49512.0940467
172,42510.0,"(5,[1,2,3],[6.0,4.7,30.5])",27878.8953664
173,42510.0,"(5,[2,3],[5.1,42.5])",45657.6629647
174,42597.0,"(5,[2,3],[8.9,47.5])",52093.8621382
175,43568.0,"(5,[0,2,3],[0.34,9.8,53.5])",58978.7193877
176,43568.0,"(5,[0,2,3],[1.18,6.7,60.5])",65918.4836733
177,43568.0,"(5,[2,3],[4.7,56.0])",63020.4017795
178,43936.0,"(5,[2,3],[4.0,73.5])",85527.4004485
179,44550.0,"(5,[0,2,3],[0.04,10.1,35.0])",35920.3686131
180,44550.0,"(5,[0,2,3],[0.95,6.0,43.0])",43973.3074121
181,44649.0,"(5,[2,3],[3.4,34.5])",35365.9070842
182,45627.0,"(5,[0,2,3],[0.02,6.5,47.0])",51398.3746045
183,45627.0,"(5,[0,2,3],[0.52,6.0,48.0])",51458.2062501
184,45627.0,"(5,[2,3],[6.0,39.0])",41157.3325747
185,45844.0,"(5,[2,3],[4.9,43.5])",46943.5520494
186,45844.0,"(5,[2,3],[6.5,47.5])",52090.4852631
187,45844.0,"(5,[2,3],[7.6,32.5])",32799.4756339
188,46381.0,"(5,[0,2,3],[0.49,6.7,54.5])",59892.8374827
189,46381.0,"(5,[2,3],[3.6,53.5])",59803.4278178
190,47035.0,"(5,[2,3],[3.4,67.0])",77166.4480388
191,47035.0,"(5,[2,3],[6.9,45.5])",49518.7070938
192,47055.0,"(5,[0,2,3],[0.07,6.7,46.5])",50633.0072323
193,47055.0,"(5,[2,3],[7.4,50.5])",55950.263064
194,47363.0,"(5,[2,3],[6.9,53.0])",59164.9857756
195,47934.0,"(5,[0,2,3],[0.13,10.7,40.0])",42131.4509271
196,48274.0,"(5,[2,3],[6.3,72.0])",83601.3808841
197,48383.0,"(5,[0,2,3],[0.56,2.9,47.5])",50712.7083812
198,48690.0,"(5,[0,2,3],[0.2,5.8,52.0])",57387.0134184
199,48731.0,"(5,[0,2,3],[0.02,8.5,75.0])",87413.9624126
200,48731.0,"(5,[0,2,3],[0.13,5.1,64.5])",73634.7485791
201,48731.0,"(5,[2,3],[4.0,70.5])",81668.8889758
202,48916.0,"(5,[1,2,3],[2.0,6.5,37.0])",37804.3088103
203,48916.0,"(5,[2,3],[4.3,59.0])",66878.3504397
204,48956.0,"(5,[0,2,3],[0.01,3.6,61.0])",69425.193793
205,48956.0,"(5,[2,3],[5.8,55.0])",61735.779023
206,49051.0,"(5,[2,3],[11.9,30.0])",29590.0996412
207,49240.0,"(5,[2,3],[4.7,60.5])",68808.1689886
208,49240.0,"(5,[2,3],[7.6,52.5])",58522.8854521
209,49498.0,"(5,[0,2,3,4],[0.08,8.3,36.0,1.0])",39526.1423796
210,49498.0,"(5,[2,3],[4.5,30.0])",29579.6876096
211,49498.0,"(5,[2,3],[12.3,36.5])",37950.7706447
212,49556.0,"(5,[0,2,3],[0.35,10.1,44.0])",46736.0091269
213,49556.0,"(5,[0,2,3],[2.45,10.7,45.5])",43518.4406976
214,49629.0,"(5,[2,3],[8.3,34.5])",35372.8015376
215,49755.0,"(5,[2,3],[4.5,26.5])",25078.0908914
216,49755.0,"(5,[2,3],[6.7,47.5])",52090.7666694
217,49760.0,"(5,[0,2,3],[0.04,10.3,42.5])",45566.9287012
218,50093.0,"(5,[0,1,2,3],[0.36,2.0,9.6,38.0])",38212.3836609
219,50093.0,"(5,[2,3],[5.8,36.0])",37298.5396957
220,50093.0,"(5,[2,3],[8.7,49.5])",54665.9217138
221,50924.0,"(5,[0,2,3],[0.03,3.4,47.0])",51369.5001008
222,51399.0,"(5,[0,1,2,3],[0.01,13.0,4.7,47.0])",46341.3437158
223,51399.0,"(5,[1,2,3],[2.0,6.3,40.0])",41662.5388767
224,51508.0,"(5,[0,2,3],[0.35,11.4,52.0])",57027.2021949
225,51932.0,"(5,[0,2,3],[0.33,4.5,55.0])",60925.0305648
226,51932.0,"(5,[2,3],[3.8,61.0])",69449.9879059
227,52002.0,"(5,[0,2,3],[0.63,11.2,44.0])",46051.2010767
228,52002.0,"(5,[2,3],[4.3,61.5])",70093.776667
229,52002.0,"(5,[2,3],[5.4,59.5])",67522.9834196
230,52002.0,"(5,[2,3],[9.8,42.5])",45664.2760119
231,52205.0,"(5,[2,3],[4.0,82.5])",97102.9348667
232,52205.0,"(5,[2,3],[4.7,79.0])",92602.3230704
233,52459.0,"(5,[2,3],[3.8,42.5])",45655.833824
234,52543.0,"(5,[0,2,3],[0.54,3.4,63.0])",70698.0799192
235,52543.0,"(5,[2,3],[-9999.0,52.5])",44443.2859944
236,52543.0,"(5,[2,3],[4.3,63.0])",72023.0324033
237,53271.0,"(5,[1,2,3],[1.2,5.4,43.5])",46475.4237861
238,53271.0,"(5,[2,3],[2.2,60.5])",68804.6514103
239,53692.0,"(5,[2,3],[2.9,62.5])",71377.9773141
240,53692.0,"(5,[2,3],[6.5,62.0])",70739.9573813
241,53731.0,"(5,[2,3],[2.2,68.0])",78450.9300922
242,54241.0,"(5,[0,2,3],[0.05,4.9,58.0])",65470.4606346
243,54628.0,"(5,[2,3],[4.0,59.5])",67521.0135758
244,54924.0,"(5,[0,2,3],[0.47,2.5,54.0])",59292.868119
245,54924.0,"(5,[0,2,3],[0.61,6.0,53.5])",58311.5295908
246,54924.0,"(5,[2,3],[5.1,71.5])",82956.6072011
247,55249.0,"(5,[0,2,3],[0.01,4.9,49.5])",54636.0622883
248,55249.0,"(5,[0,2,3],[0.7,5.4,61.0])",67736.3496945
249,55410.0,"(5,[2,3],[3.8,46.0])",50157.4305422
250,55526.0,"(5,[0,2,3],[0.62,4.7,67.0])",75648.4893708
251,55526.0,"(5,[2,3],[4.3,63.5])",72666.1176488
252,55725.0,"(5,[0,2,3],[0.35,5.4,44.0])",46729.3960798
253,55725.0,"(5,[2,3],[8.3,47.0])",51449.932674
254,55875.0,"(5,[2,3],[5.8,53.5])",59806.5232867
255,56072.0,"(5,[2,3],[4.3,46.5])",50801.2193033
256,56072.0,"(5,[2,3],[5.4,48.0])",52732.0227741
257,57149.0,"(5,[2,3],[4.0,35.5])",36652.9217939
258,57149.0,"(5,[2,3],[5.1,40.0])",42442.2367375
259,57149.0,"(5,[2,3],[6.0,59.5])",67523.8276384
260,57149.0,"(5,[2,3],[6.7,28.0])",27010.4420966
261,57149.0,"(5,[2,3],[11.6,51.5])",57242.3430864
262,58050.0,"(5,[0,2,3],[0.61,7.6,51.5])",55741.4398591
263,58176.0,"(5,[2,3],[5.1,45.0])",48873.089192
264,58176.0,"(5,[2,3],[6.9,41.0])",43730.9398847
265,58176.0,"(5,[2,3],[7.2,50.0])",55306.8964123
266,58176.0,"(5,[2,3],[7.4,47.5])",52091.7515913
267,58494.0,"(5,[2,3],[4.7,49.5])",54660.2935886
268,58494.0,"(5,[2,3],[6.5,49.5])",54662.8262449
269,58634.0,"(5,[2,3],[2.0,49.5])",54656.4946041
270,58634.0,"(5,[2,3],[3.1,43.0])",46297.9341476
271,58676.0,"(5,[0,2,3],[0.01,5.6,54.0])",60424.8144193
272,58676.0,"(5,[2,3],[4.5,58.0])",65592.4613551
273,58676.0,"(5,[2,3],[9.6,38.0])",39876.2273965
274,58773.0,"(5,[0,2,3],[1.51,9.4,54.0])",56753.2551494
275,58773.0,"(5,[2,3],[4.7,66.5])",76525.1919341
276,58816.0,"(5,[0,2,3],[0.5,6.9,54.5])",59868.6061824
277,58816.0,"(5,[2,3],[5.8,55.0])",61735.779023
278,58816.0,"(5,[2,3],[7.6,48.0])",52735.118243
279,58948.0,"(5,[0,2,3],[1.6,6.9,49.0])",50098.2707572
280,58948.0,"(5,[2,3],[5.4,56.0])",63021.3867014
281,59445.0,"(5,[0,2,3],[0.37,3.1,52.5])",57609.5836673
282,59445.0,"(5,[2,3],[4.0,46.0])",50157.7119485
283,59445.0,"(5,[2,3],[5.4,45.5])",49516.5965469
284,59541.0,"(5,[2,3],[8.5,50.0])",55308.725553
285,60144.0,"(5,[2,3],[4.7,59.5])",67521.9984977
286,60144.0,"(5,[2,3],[6.9,68.0])",78457.5431393
287,60242.0,"(5,[0,2,3],[0.01,3.8,60.0])",68139.3047084
288,60242.0,"(5,[2,3],[7.4,67.0])",77172.076164
289,60323.0,"(5,[0,2,3],[0.33,9.4,55.5])",61575.0102636
290,60323.0,"(5,[2,3],[4.9,55.5])",62377.5979403
291,60780.0,"(5,[0,2,3],[0.06,4.3,81.0])",95027.0250002
292,61550.0,"(5,[2,3],[6.7,47.5])",52090.7666694
293,61712.0,"(5,[0,2,3],[1.81,5.4,72.0])",79163.3146627
294,61813.0,"(5,[2,3],[7.4,49.5])",54664.0925731
295,62410.0,"(5,[2,3],[3.4,68.5])",79095.7037752
296,62410.0,"(5,[2,3],[6.0,64.5])",73954.6800929
297,62765.0,"(5,[0,2,3],[0.53,4.3,78.0])",90016.4163176
298,62765.0,"(5,[0,2,3],[1.78,2.9,78.0])",86950.3581497
299,62765.0,"(5,[2,3],[2.9,74.0])",86168.9379595
300,62960.0,"(5,[0,2,3],[0.95,4.0,64.0])",70980.0736586
301,62960.0,"(5,[2,3],[3.6,74.5])",86813.0081269
302,63902.0,"(5,[0,2,3],[0.69,8.1,50.5])",54259.8712311
303,63902.0,"(5,[2,3],[2.2,52.5])",58515.2874831
304,63902.0,"(5,[2,3],[4.0,79.5])",93244.423394
305,64130.0,"(5,[0,2,3],[4.97,8.3,46.5])",38624.0322521
306,64130.0,"(5,[2,3],[5.4,59.5])",67522.9834196
307,64631.0,"(5,[0,2,3],[0.31,9.2,52.5])",57765.2427978
308,64631.0,"(5,[2,3],[5.6,55.0])",61735.4976168
309,64631.0,"(5,[2,3],[7.4,60.0])",68168.8827277
310,65039.0,"(5,[2,3],[3.1,78.0])",91313.9013294
311,65039.0,"(5,[2,3],[3.8,81.5])",95816.4829695
312,65039.0,"(5,[2,3],[4.9,72.5])",84242.4962858
313,65126.0,"(5,[0,2,3],[0.03,6.3,41.5])",44299.6427916
314,65126.0,"(5,[0,2,3],[0.07,14.3,47.5])",51929.8711611
315,65126.0,"(5,[2,3],[2.7,56.0])",63017.5877169
316,65382.0,"(5,[0,2,3],[3.02,5.6,59.0])",59477.3421895
317,65382.0,"(5,[2,3],[4.5,54.0])",60447.7793914
318,65922.0,"(5,[2,3],[6.5,77.5])",90675.5999904
319,65941.0,"(5,[2,3],[5.1,58.5])",66236.3908193
320,66099.0,"(5,[2,3],[6.3,61.5])",70096.5907296
321,66182.0,"(5,[0,2,3],[0.42,6.9,62.0])",69710.9865169
322,66182.0,"(5,[2,3],[5.8,55.5])",62378.8642685
323,66231.0,"(5,[2,3],[2.5,65.5])",75235.9259743
324,66351.0,"(5,[2,3],[2.9,75.0])",87455.1084504
325,66351.0,"(5,[2,3],[3.1,74.5])",86812.3046112
326,66649.0,"(5,[2,3],[6.0,74.5])",86816.385002
327,66649.0,"(5,[2,3],[8.5,71.0])",82318.3058621
328,66856.0,"(5,[0,2,3],[0.31,7.4,51.5])",56476.5396506
329,66856.0,"(5,[2,3],[6.5,55.0])",61736.7639449
330,67017.0,"(5,[2,3],[7.2,49.5])",54663.8111668
331,67063.0,"(5,[2,3],[1.6,48.5])",53369.7613006
332,67063.0,"(5,[2,3],[6.5,48.0])",52733.5705086
333,67567.0,"(5,[0,2,3],[0.22,4.9,62.5])",70841.5118316
334,67567.0,"(5,[2,3],[5.6,61.0])",69452.5205622
335,67567.0,"(5,[2,3],[5.8,61.5])",70095.8872139
336,67614.0,"(5,[0,2,3],[0.01,6.9,84.5])",99654.8435327
337,67614.0,"(5,[0,2,3],[0.29,5.4,67.5])",77101.4788557
338,67614.0,"(5,[2,3],[6.7,71.5])",82958.8584512
339,68037.0,"(5,[2,3],[5.6,53.5])",59806.2418804
340,68037.0,"(5,[2,3],[7.2,60.0])",68168.6013214
341,68037.0,"(5,[2,3],[7.8,57.0])",64310.9340675
342,68869.0,"(5,[2,3],[4.0,75.0])",87456.6561849
343,68960.0,"(5,[2,3],[4.7,53.5])",59804.9755522
344,68960.0,"(5,[2,3],[7.4,59.0])",66882.7122368
345,68960.0,"(5,[2,3],[8.9,57.0])",64312.4818019
346,68978.0,"(5,[0,2,3],[0.09,3.8,61.5])",69872.458792
347,68978.0,"(5,[2,3],[2.7,55.5])",62374.5024714
348,68978.0,"(5,[2,3],[3.8,66.5])",76523.9256059
349,69328.0,"(5,[0,2,3],[0.06,4.7,72.0])",83452.0533945
350,69415.0,"(5,[0,2,3],[0.09,6.7,53.5])",59587.1752555
351,69415.0,"(5,[0,2,3],[0.2,6.0,58.5])",65747.4030156
352,69486.0,"(5,[2,3],[8.5,57.5])",64955.0042348
353,70216.0,"(5,[2,3],[3.6,57.5])",64948.1097814
354,70217.0,"(5,[0,2,3],[0.02,6.5,75.5])",88054.2335954
355,70217.0,"(5,[0,2,3],[0.32,4.5,78.0])",90531.4645623
356,70217.0,"(5,[2,3],[5.6,86.0])",101606.782835
357,70782.0,"(5,[0,2,3],[0.16,4.7,72.0])",83206.9263286
358,70889.0,"(5,[0,2,3],[0.75,5.6,52.0])",56038.5331496
359,71276.0,"(5,[2,3],[3.1,78.5])",91956.9865749
360,71726.0,"(5,[0,2,3],[0.31,7.2,66.5])",75768.815608
361,71726.0,"(5,[2,3],[4.3,54.0])",60447.4979852
362,71747.0,"(5,[2,3],[5.1,59.5])",67522.5613102
363,71799.0,"(5,[2,3],[6.0,55.0])",61736.0604293
364,71978.0,"(5,[0,2,3],[0.43,1.6,64.5])",72894.4427717
365,71978.0,"(5,[2,3],[1.6,70.0])",81022.4268552
366,71978.0,"(5,[2,3],[2.7,80.0])",93885.6794987
367,72218.0,"(5,[2,3],[3.1,85.5])",100960.180011
368,72218.0,"(5,[2,3],[4.0,84.5])",99675.2758485
369,72271.0,"(5,[0,2,3],[0.13,2.9,62.5])",71059.3121284
370,72271.0,"(5,[0,2,3],[0.4,2.5,74.5])",85830.9521288
371,72271.0,"(5,[2,3],[4.0,63.0])",72022.610294
372,72271.0,"(5,[2,3],[7.4,82.0])",96464.6335277
373,72297.0,"(5,[0,2,3],[0.01,3.8,69.0])",79714.8391266
374,72297.0,"(5,[0,2,3],[0.33,2.9,63.0])",71212.143242
375,72297.0,"(5,[2,3],[3.6,72.0])",83597.5818996
376,72297.0,"(5,[2,3],[5.1,62.0])",70737.9875375
377,73217.0,"(5,[2,3],[3.8,61.5])",70093.0731513
378,73238.0,"(5,[0,2,3],[1.11,4.0,66.0])",73160.2113349
379,73290.0,"(5,[2,3],[3.8,51.0])",56588.2829968
380,73290.0,"(5,[2,3],[5.6,56.5])",63664.7533531
381,73545.0,"(5,[2,3],[4.5,47.5])",52087.6712005
382,73545.0,"(5,[2,3],[6.7,45.0])",48875.3404421
383,73710.0,"(5,[2,3],[4.0,78.5])",91958.2529031
384,73729.0,"(5,[0,2,3],[0.02,2.5,67.0])",77116.1562975
385,73729.0,"(5,[0,2,3],[0.03,2.9,69.5])",80307.6326307
386,73729.0,"(5,[0,2,3],[0.03,5.1,66.5])",76452.2166268
387,73729.0,"(5,[2,3],[3.8,68.5])",79096.2665877
388,74955.0,"(5,[0,2,3],[2.18,7.4,60.5])",63468.197936
389,74955.0,"(5,[2,3],[4.7,67.5])",77811.362425
390,75228.0,"(5,[0,2,3],[0.96,3.8,81.5])",93463.2631367
391,75357.0,"(5,[2,3],[4.9,50.0])",55303.6602403
392,75357.0,"(5,[2,3],[5.4,53.0])",59162.8752287
393,75651.0,"(5,[0,2,3],[0.67,18.8,57.0])",62684.0600701
394,75651.0,"(5,[2,3],[3.6,53.0])",59160.3425723
395,75651.0,"(5,[2,3],[5.6,55.5])",62378.5828622
396,76397.0,"(5,[0,2,3],[0.09,4.3,79.5])",93024.231144
397,76397.0,"(5,[2,3],[7.8,67.0])",77172.6389766
398,76701.0,"(5,[2,3],[3.8,79.5])",93244.1419877
399,77008.0,"(5,[2,3],[-9999.0,64.5])",59877.3318853
400,77008.0,"(5,[2,3],[3.4,65.0])",74594.107057
401,77231.0,"(5,[2,3],[4.7,58.0])",65592.7427613
402,77231.0,"(5,[2,3],[4.9,56.5])",63663.7684312
403,77231.0,"(5,[2,3],[5.8,61.5])",70095.8872139
404,77253.0,"(5,[0,2,3],[0.32,5.6,66.5])",75742.0516513
405,77526.0,"(5,[0,2,3],[0.02,11.4,53.0])",59122.2920033
406,77662.0,"(5,[0,2,3],[0.07,3.6,82.0])",96287.6978626
407,77662.0,"(5,[0,2,3],[0.45,7.6,59.5])",66423.0070918
408,77662.0,"(5,[0,2,3],[0.89,4.3,62.5])",69198.3162712
409,77662.0,"(5,[0,2,3],[1.83,5.1,65.5])",70753.7589493
410,77853.0,"(5,[0,2,3],[0.15,4.0,78.5])",91590.5623042
411,77853.0,"(5,[2,3],[4.5,75.5])",88100.444946
412,78001.0,"(5,[2,3],[3.8,74.0])",86170.2042877
413,78173.0,"(5,[2,3],[3.6,82.0])",96459.2868087
414,78173.0,"(5,[2,3],[3.8,79.0])",92601.0567422
415,78173.0,"(5,[2,3],[4.9,70.0])",81027.0700585
416,78698.0,"(5,[0,2,3],[0.6,4.7,57.0])",62835.8098749
417,78698.0,"(5,[2,3],[-9999.0,60.0])",54089.5646762
418,78698.0,"(5,[2,3],[3.8,57.0])",64305.3059422
419,78995.0,"(5,[2,3],[3.8,73.0])",84884.0337968
420,78995.0,"(5,[2,3],[4.3,81.0])",95174.1012397
421,79020.0,"(5,[2,3],[4.9,75.5])",88101.0077585
422,79407.0,"(5,[2,3],[2.0,73.0])",84881.5011404
423,79407.0,"(5,[2,3],[4.0,70.5])",81668.8889758
424,79900.0,"(5,[2,3],[4.3,69.5])",80383.1405943
425,79900.0,"(5,[2,3],[4.9,69.5])",80383.984813
426,80451.0,"(5,[2,3],[1.1,60.0])",68160.0184304
427,80661.0,"(5,[2,3],[4.7,60.5])",68808.1689886
428,80661.0,"(5,[2,3],[8.5,45.5])",49520.9583439
429,81023.0,"(5,[0,2,3],[1.05,5.4,70.5])",79097.0246274
430,81023.0,"(5,[2,3],[3.8,82.0])",96459.568215
431,82354.0,"(5,[2,3],[2.0,75.5])",88096.9273677
432,82354.0,"(5,[2,3],[4.3,82.0])",96460.2717306
433,82612.0,"(5,[0,2,3],[1.02,5.8,63.5])",70167.9321233
434,82612.0,"(5,[2,3],[2.5,59.0])",66875.8177834
435,82612.0,"(5,[2,3],[2.9,47.0])",51442.334705
436,82612.0,"(5,[2,3],[3.8,63.0])",72022.3288877
437,82871.0,"(5,[2,3],[5.4,75.5])",88101.7112742
438,82871.0,"(5,[2,3],[7.6,59.0])",66882.993643
439,82922.0,"(5,[2,3],[2.9,71.0])",82310.4264868
440,82922.0,"(5,[2,3],[6.9,66.0])",75885.2021575
441,83005.0,"(5,[2,3],[1.3,63.5])",72661.8965549
442,83005.0,"(5,[2,3],[6.9,60.5])",68811.2644575
443,83033.0,"(5,[0,2,3],[0.16,11.0,63.0])",71640.2562076
444,83757.0,"(5,[2,3],[4.5,64.5])",73952.569546
445,83757.0,"(5,[2,3],[4.9,73.0])",84885.5815312
446,83786.0,"(5,[2,3],[3.4,65.5])",75237.1923024
447,83786.0,"(5,[2,3],[6.3,63.5])",72668.9317114
448,83789.0,"(5,[0,2,3],[0.39,4.7,81.0])",94218.6684951
449,83789.0,"(5,[2,3],[3.1,82.5])",97101.6685385
450,83907.0,"(5,[2,3],[2.7,78.0])",91313.3385169
451,83907.0,"(5,[2,3],[3.4,78.0])",91314.3234388
452,83907.0,"(5,[2,3],[4.5,83.5])",98389.8088733
453,84042.0,"(5,[0,2,3],[0.02,6.0,63.0])",71976.3989434
454,84228.0,"(5,[2,3],[4.9,61.5])",70094.6208858
455,84978.0,"(5,[0,2,3],[2.09,4.5,77.0])",84906.5450045
456,84978.0,"(5,[2,3],[3.8,76.5])",89385.630515
457,85212.0,"(5,[0,2,3],[0.01,3.6,79.0])",92576.2626294
458,85329.0,"(5,[2,3],[3.6,72.5])",84240.6671451
459,85329.0,"(5,[2,3],[4.3,76.5])",89386.3340306
460,85397.0,"(5,[0,2,3],[0.01,2.9,68.0])",78427.4023075
461,85397.0,"(5,[0,2,3],[0.06,6.0,71.0])",82167.7120443
462,85397.0,"(5,[2,3],[5.1,74.5])",86815.1186739
463,85843.0,"(5,[2,3],[3.8,62.0])",70736.1583968
464,86201.0,"(5,[2,3],[4.5,73.0])",84885.0187187
465,86281.0,"(5,[2,3],[2.7,74.0])",86168.6565533
466,86281.0,"(5,[2,3],[5.1,68.0])",78455.0104829
467,86406.0,"(5,[0,2,3],[0.43,6.9,46.0])",49107.7459558
468,86406.0,"(5,[2,3],[4.9,63.0])",72023.8766221
469,86920.0,"(5,[0,2,3],[0.53,5.6,75.0])",86159.7339856
470,86920.0,"(5,[2,3],[2.9,77.0])",90027.4494323
471,87196.0,"(5,[2,3],[2.9,72.0])",83596.5969777
472,87196.0,"(5,[2,3],[4.0,70.0])",81025.8037303
473,87429.0,"(5,[0,2,3],[0.51,5.8,68.0])",77205.8473686
474,87429.0,"(5,[0,2,3],[0.61,3.8,75.5])",86604.1849219
475,87429.0,"(5,[0,2,3],[3.99,14.1,70.0])",71259.4448161
476,87429.0,"(5,[2,3],[2.5,72.5])",84239.1194106
477,87875.0,"(5,[2,3],[2.0,74.0])",86167.6716314
478,87875.0,"(5,[2,3],[3.4,75.5])",88098.8972115
479,87875.0,"(5,[2,3],[3.8,83.5])",98388.8239513
480,88043.0,"(5,[0,2,3],[0.26,6.5,68.5])",78462.7352008
481,88043.0,"(5,[2,3],[4.7,79.0])",92602.3230704
482,88043.0,"(5,[2,3],[6.0,80.0])",93890.322702
483,88190.0,"(5,[0,2,3],[0.12,4.9,81.5])",95523.8782249
484,88190.0,"(5,[2,3],[3.8,83.0])",97745.7387059
485,88991.0,"(5,[0,2,3],[0.12,4.0,76.0])",88448.6741967
486,89225.0,"(5,[2,3],[3.6,67.5])",77809.8146905
487,89482.0,"(5,[2,3],[4.5,74.0])",86171.1892096
488,89579.0,"(5,[0,2,3],[0.01,3.8,77.0])",90004.2030538
489,89700.0,"(5,[0,2,3],[0.2,3.6,74.0])",85679.6687496
490,90424.0,"(5,[0,2,3],[0.05,2.0,76.0])",88617.4490802
491,90699.0,"(5,[0,2,3],[0.02,7.2,65.5])",75193.5136082
492,90699.0,"(5,[0,2,3],[0.55,10.1,65.5])",73898.4205496
493,90928.0,"(5,[2,3],[3.8,74.5])",86813.2895332
494,90949.0,"(5,[2,3],[2.9,78.0])",91313.6199232
495,91241.0,"(5,[0,2,3],[0.27,3.8,79.0])",91939.2136643
496,91241.0,"(5,[2,3],[4.7,86.5])",102248.601752
497,91288.0,"(5,[0,2,3],[0.45,4.3,76.0])",87640.1769885
498,91288.0,"(5,[0,2,3],[0.46,4.5,78.0])",90188.28667
499,91288.0,"(5,[2,3],[6.9,74.0])",86174.5660847
500,91659.0,"(5,[0,2,3],[0.6,3.8,75.5])",86628.6976285
501,91659.0,"(5,[0,2,3],[0.6,5.4,78.0])",89846.3751059
502,91659.0,"(5,[2,3],[4.3,76.0])",88743.2487852
503,92969.0,"(5,[2,3],[2.7,76.5])",89384.0827805
504,93859.0,"(5,[0,2,3],[0.06,2.9,75.0])",87308.0322109
505,93859.0,"(5,[0,2,3],[0.08,4.9,77.5])",90477.2470876
506,93859.0,"(5,[2,3],[3.4,82.0])",96459.0054025
507,93905.0,"(5,[0,2,3],[0.29,4.0,81.5])",95105.8958846
508,93905.0,"(5,[0,2,3],[0.64,4.9,79.0])",91033.7912548
509,94597.0,"(5,[0,2,3],[0.19,7.4,75.0])",86995.6986661
510,94597.0,"(5,[2,3],[2.9,78.0])",91313.6199232
511,94597.0,"(5,[2,3],[3.1,79.0])",92600.0718203
512,95022.0,"(5,[0,2,3],[0.06,5.4,74.0])",86025.3792982
513,95022.0,"(5,[0,2,3],[0.11,5.6,77.5])",90404.6938897
514,95022.0,"(5,[0,2,3],[0.84,4.9,78.0])",89257.366632
515,95210.0,"(5,[0,2,3],[2.88,7.6,74.5])",79758.9767535
516,95580.0,"(5,[2,3],[2.9,76.5])",89384.3641868
517,95652.0,"(5,[0,2,3],[0.06,3.4,73.0])",84736.3947447
518,95652.0,"(5,[2,3],[6.9,79.0])",92605.4185393
519,95724.0,"(5,[0,2,3],[0.58,7.4,66.5])",75107.2539362
520,95724.0,"(5,[2,3],[2.5,81.5])",95814.6538288
521,95724.0,"(5,[2,3],[5.8,86.0])",101607.064241
522,96319.0,"(5,[2,3],[5.6,73.5])",85529.6516986
523,97399.0,"(5,[2,3],[3.8,78.5])",91957.9714968
524,97524.0,"(5,[0,2,3],[0.62,3.4,81.5])",94296.1323483
525,97524.0,"(5,[2,3],[3.6,71.5])",82954.4966542
526,97524.0,"(5,[2,3],[3.6,86.0])",101603.968772
527,97617.0,"(5,[0,2,3],[0.02,9.8,67.0])",77126.427626
528,97617.0,"(5,[2,3],[3.1,72.0])",83596.878384
529,97679.0,"(5,[2,3],[4.5,78.0])",91315.8711733
530,97786.0,"(5,[2,3],[5.1,73.0])",84885.8629375
531,99809.0,"(5,[2,3],[3.4,76.0])",88741.982457
532,104468.0,"(5,[0,2,3],[0.07,3.8,75.5])",87927.8710779
533,104468.0,"(5,[0,2,3],[0.11,4.7,79.0])",92332.6832979
534,104690.0,"(5,[2,3],[3.1,69.5])",80381.4521567
535,111919.0,"(5,[2,3],[1.8,82.5])",97099.8393978
536,113190.0,"(5,[0,2,3],[0.04,6.3,71.0])",82217.1595669
537,113190.0,"(5,[2,3],[3.1,69.5])",80381.4521567
538,116719.0,"(5,[2,3],[5.8,71.5])",82957.592123
539,118082.0,"(5,[2,3],[2.7,78.0])",91313.3385169
540,118082.0,"(5,[2,3],[4.0,72.5])",84241.2299576
541,118082.0,"(5,[2,3],[5.1,79.0])",92602.8858829
542,118082.0,"(5,[2,3],[5.4,73.5])",85529.3702923
543,118082.0,"(5,[2,3],[6.7,75.0])",87460.4551694
544,121277.0,"(5,[2,3],[0.9,75.0])",87452.2943878
545,121277.0,"(5,[2,3],[4.0,60.0])",68164.0988212
546,124080.0,"(5,[2,3],[2.5,79.5])",93242.312847
547,124080.0,"(5,[2,3],[3.6,74.5])",86813.0081269
548,129410.0,"(5,[2,3],[2.5,66.5])",76522.0964652
549,129410.0,"(5,[2,3],[2.7,71.0])",82310.1450805
550,129410.0,"(5,[2,3],[2.7,75.5])",88097.9122896
551,129410.0,"(5,[2,3],[4.9,60.0])",68165.3651494
552,129864.0,"(5,[0,2,3],[1.03,4.7,63.5])",70141.8716823
553,130116.0,"(5,[0,2,3],[1.1,-9999.0,72.0])",66827.212842
554,130116.0,"(5,[2,3],[2.7,61.0])",69448.4401714
555,130116.0,"(5,[2,3],[3.4,65.5])",75237.1923024
556,131244.0,"(5,[0,2,3],[0.14,6.5,60.5])",68467.5237526
557,131421.0,"(5,[0,2,3],[0.03,2.9,75.0])",87381.5703307
558,131421.0,"(5,[2,3],[2.0,83.5])",98386.291295
559,133149.0,"(5,[0,2,3],[0.84,13.6,61.0])",67404.7094589
560,138151.0,"(5,[2,3],[4.9,64.0])",73310.047113
561,138195.0,"(5,[2,3],[4.9,68.0])",78454.7290767
562,138378.0,"(5,[0,2,3],[0.11,5.8,71.0])",82044.8671051
563,138378.0,"(5,[0,2,3],[0.33,-9999.0,71.5])",68071.6060041
564,141350.0,"(5,[0,2,3],[1.96,4.3,64.5])",69147.7976476
565,141350.0,"(5,[2,3],[4.3,70.5])",81669.3110852
566,142977.0,"(5,[0,2,3],[0.07,4.7,64.5])",73781.2620061
567,142977.0,"(5,[2,3],[2.9,63.0])",72021.0625595
568,144143.0,"(5,[0,2,3],[0.03,4.7,64.5])",73879.3128325
569,144143.0,"(5,[0,2,3],[0.37,2.2,64.0])",72399.2779846
570,147387.0,"(5,[2,3],[2.9,68.5])",79095.0002595
571,152523.0,"(5,[2,3],[2.9,69.5])",80381.1707504
572,153433.0,"(5,[2,3],[2.2,78.5])",91955.7202467
573,153704.0,"(5,[0,2,3],[0.03,4.7,74.0])",86097.9324961
574,153704.0,"(5,[2,3],[3.6,76.0])",88742.2638633
