,num_trips,PRCP,SNWD,AWND,AVG_T,snowed
0,25732,0.0,0.0,4.3,80.0,0
1,37201,0.0,0.0,4.9,76.5,0
2,37412,0.0,0.0,4.7,63.0,0
3,29256,0.0,0.0,5.6,56.5,0
4,25381,0.0,0.0,4.9,79.5,0
5,34181,0.0,0.0,3.6,70.0,0
6,32365,0.0,0.0,4.5,50.0,0
7,40195,0.0,0.0,2.9,76.0,0
8,33018,0.0,0.0,2.5,59.0,0
9,3701,0.73,0.0,10.1,28.0,1
10,24569,0.0,0.0,6.3,48.0,0
11,31755,0.0,0.0,4.0,73.5,0
12,34215,0.0,0.0,4.9,75.5,0
13,17888,0.0,0.0,5.6,29.0,0
14,30550,0.0,0.0,3.4,88.0,0
15,14999,0.51,0.0,4.3,40.0,0
16,28069,0.0,0.0,3.6,86.0,0
17,21864,0.53,0.0,4.3,78.0,0
18,20477,0.0,0.0,4.3,85.0,0
19,30297,0.0,0.0,4.7,82.5,0
20,35991,0.0,0.0,2.0,73.0,0
21,40575,0.0,0.0,2.0,70.5,0
22,39200,0.0,0.0,2.5,66.5,0
23,28752,0.0,0.0,4.9,43.5,0
24,31826,0.72,0.0,4.5,69.0,0
25,37285,0.0,0.0,2.0,74.0,0
26,26641,0.23,0.0,3.1,81.0,0
27,41383,0.0,0.0,4.0,73.5,0
28,14824,0.3,0.0,6.7,35.0,0
29,37261,0.0,0.0,2.9,75.0,0
30,25448,0.07,0.0,6.3,54.0,0
31,20467,0.0,0.0,4.5,85.0,0
32,25278,0.0,0.0,5.8,87.0,0
33,35843,0.0,0.0,2.9,78.0,0
34,25979,0.06,0.0,4.9,80.5,0
35,3775,1.2,0.0,6.0,44.5,0
36,37386,0.0,0.0,3.6,68.5,0
37,38223,0.0,0.0,1.8,62.5,0
38,19006,0.25,0.0,9.6,72.5,0
39,10424,0.0,0.0,5.8,26.5,0
40,10090,0.08,0.0,6.3,31.0,1
41,29540,0.06,0.0,3.4,73.0,0
42,31252,1.6,0.0,4.0,78.5,0
43,31914,0.0,0.0,3.8,62.0,0
44,25194,0.05,0.0,2.7,52.5,0
45,29017,0.05,0.0,4.3,79.5,0
46,35152,0.0,0.0,4.0,58.0,0
47,34931,0.0,0.0,4.5,64.5,0
48,19925,0.03,0.0,6.3,41.5,0
49,18766,0.0,3.1,4.9,38.5,0
50,26629,0.25,0.0,3.8,74.5,0
51,34208,0.01,0.0,4.7,79.0,0
52,15545,0.14,0.0,6.0,36.5,0
53,26574,0.0,0.0,5.8,67.5,0
54,17214,0.0,0.0,7.4,26.5,0
55,23508,0.24,0.0,2.0,74.0,0
56,32941,0.0,0.0,4.9,72.5,0
57,36954,0.01,0.0,5.8,77.5,0
58,40456,0.0,0.0,1.6,70.5,0
59,32411,0.03,0.0,2.9,75.0,0
60,38150,0.0,0.0,6.5,67.5,0
61,32318,0.0,0.0,4.3,77.5,0
62,32470,0.0,0.0,3.4,76.0,0
63,35825,0.0,0.0,5.6,72.0,0
64,31607,0.0,0.0,4.7,60.5,0
65,34534,0.0,0.0,5.1,74.0,0
66,33503,0.0,0.0,5.6,76.5,0
67,31444,0.06,0.0,3.6,59.5,0
68,20798,0.0,0.0,6.3,46.0,0
69,29051,0.0,0.0,4.7,50.5,0
70,34419,0.0,0.0,3.4,69.5,0
71,9392,0.0,0.0,12.1,26.5,0
72,22326,0.0,0.0,4.3,81.0,0
73,7462,0.72,3.1,8.7,35.0,0
74,34396,0.0,0.0,5.1,75.0,0
75,35792,0.0,0.0,4.5,75.0,0
76,35394,0.0,0.0,4.3,65.0,0
77,11720,0.0,0.0,5.8,35.5,0
78,13241,0.0,0.0,6.3,34.0,0
79,15063,0.0,0.0,5.6,66.0,0
80,29842,0.0,0.0,4.7,85.5,0
81,5204,0.0,0.0,7.2,32.5,0
82,31498,0.0,0.0,4.5,52.0,0
83,31013,0.0,0.0,3.8,61.5,0
84,31457,0.05,0.0,2.0,76.0,0
85,35812,0.0,0.0,4.5,86.5,0
86,26229,0.0,0.0,6.9,38.0,0
87,36798,0.0,0.0,5.4,73.5,0
88,27040,0.0,0.0,8.1,42.5,0
89,35012,0.0,0.0,3.8,58.0,0
90,37702,0.0,0.0,2.7,73.0,0
91,10127,0.0,0.0,3.8,34.0,0
92,26988,0.01,0.0,2.5,54.0,0
93,31493,0.0,0.0,4.0,48.0,0
94,18766,0.0,0.0,7.6,30.0,0
95,34915,0.01,0.0,3.8,77.0,0
96,35271,0.0,0.0,4.5,75.5,0
97,22437,0.85,0.0,2.7,72.5,0
98,27417,0.0,0.0,9.2,43.5,0
99,14924,0.0,3.9,6.7,30.0,0
100,28366,0.46,0.0,4.5,75.5,0
101,35868,0.0,0.0,3.6,64.5,0
102,35069,0.0,0.0,2.0,53.5,0
103,24417,0.0,0.0,3.8,80.0,0
104,20138,0.65,0.0,2.9,71.0,0
105,27431,0.0,0.0,3.1,45.5,0
106,31171,0.0,0.0,8.9,59.5,0
107,31084,0.01,0.0,8.9,66.0,0
108,29548,0.01,0.0,3.4,58.0,0
109,12022,0.0,0.0,7.2,45.5,0
110,26591,0.0,0.0,5.1,89.5,0
111,36338,0.0,0.0,4.5,59.0,0
112,17940,0.01,1.2,7.8,58.0,0
113,37534,0.0,0.0,2.9,62.5,0
114,25016,0.25,0.0,5.8,68.0,0
115,30615,0.22,0.0,7.4,58.0,0
116,16650,0.84,0.0,3.1,74.5,0
117,9863,0.0,0.0,5.1,32.0,0
118,21842,0.0,0.0,4.9,83.0,0
119,7976,1.98,0.0,9.6,48.5,0
120,36888,0.02,0.0,2.7,67.0,0
121,38283,0.0,0.0,4.7,57.5,0
122,17995,0.03,0.0,3.6,55.5,0
123,18996,0.0,0.0,9.6,42.5,0
124,28869,0.0,0.0,3.8,89.5,0
125,38189,0.0,0.0,3.6,64.5,0
126,29758,0.45,0.0,5.8,61.5,0
127,25235,0.0,0.0,2.5,79.5,0
128,12850,0.23,0.0,6.5,33.5,1
129,9763,0.0,0.0,5.4,33.0,0
130,21416,0.05,0.0,0.9,78.0,0
131,19116,0.0,0.0,5.8,29.0,0
132,3260,0.0,0.0,4.7,25.0,0
133,36315,0.0,0.0,2.5,81.0,0
134,27612,0.0,0.0,2.9,72.0,0
135,27142,0.0,0.0,6.5,40.5,0
136,32592,0.0,0.0,3.1,64.5,0
137,30384,0.13,0.0,4.9,64.5,0
138,33414,0.0,0.0,4.9,50.0,0
139,19712,0.0,0.0,7.6,52.5,0
140,30979,0.0,0.0,5.1,46.5,0
141,36911,0.0,0.0,3.1,61.5,0
142,35253,0.0,0.0,5.1,73.0,0
143,28832,0.0,0.0,8.5,60.5,0
144,26119,0.06,0.0,5.4,74.0,0
145,29979,0.04,0.0,5.8,76.0,0
146,13326,0.0,0.0,1.8,42.5,0
147,34826,0.0,0.0,3.6,55.0,0
148,21734,0.0,0.0,4.9,44.0,0
149,33060,0.0,0.0,2.5,73.0,0
150,27295,0.0,0.0,6.5,48.0,0
151,29287,0.0,0.0,4.0,82.0,0
152,15562,0.0,3.1,7.8,29.0,0
153,7863,0.19,3.1,6.0,28.0,1
154,36501,0.06,0.0,5.1,68.0,0
155,28686,0.0,0.0,8.7,45.0,0
156,28199,0.0,0.0,2.9,46.5,0
157,32251,0.0,0.0,6.7,47.5,0
158,38122,0.0,0.0,6.7,61.5,0
159,36776,0.0,0.0,3.4,70.0,0
160,33357,0.02,0.0,9.4,64.0,0
161,11025,0.0,0.0,8.3,34.0,0
162,23965,0.0,0.0,5.1,52.0,0
163,33127,0.0,0.0,3.4,72.5,0
164,22066,0.0,3.1,5.1,47.0,0
165,21615,0.22,0.0,4.7,81.0,0
166,25719,0.13,0.0,6.7,54.0,0
167,32376,0.31,0.0,4.3,80.0,0
168,33196,0.0,0.0,6.5,73.5,0
169,31287,0.03,0.0,4.7,64.5,0
170,36969,0.0,0.0,8.5,57.5,0
171,32457,0.0,0.0,11.2,66.0,0
172,22745,0.08,0.0,2.7,77.0,0
173,28185,0.43,0.0,2.7,78.5,0
174,39382,0.0,0.0,3.1,69.5,0
175,38365,0.0,0.0,6.0,60.5,0
176,24576,0.0,0.0,3.1,45.0,0
177,38417,0.0,0.0,4.0,60.0,0
178,23633,0.0,0.0,6.0,34.0,0
179,6956,0.51,0.0,4.7,53.0,0
180,37957,0.0,0.0,2.7,61.5,0
181,37148,0.0,0.0,3.4,65.5,0
182,10736,0.73,0.0,5.8,49.5,0
183,37334,0.0,0.0,4.0,75.0,0
184,4980,0.0,3.9,-9999.0,25.5,0
185,10021,0.04,2.0,6.5,18.5,1
186,12773,0.0,3.9,8.5,23.5,0
187,36288,0.0,0.0,2.9,77.5,0
188,26749,0.0,0.0,2.9,78.0,0
189,30193,0.0,0.0,2.5,71.5,0
190,27914,0.0,0.0,3.8,51.0,0
191,18053,0.62,0.0,3.4,81.5,0
192,23456,0.0,0.0,5.6,53.5,0
193,9028,0.0,0.0,7.4,31.0,0
194,13324,0.0,9.1,5.4,48.5,0
195,13371,0.61,0.0,7.6,51.5,0
196,13354,1.18,0.0,6.7,60.5,0
197,32614,0.0,0.0,4.7,69.5,0
198,11941,0.0,0.0,6.0,42.0,0
199,27259,0.01,0.0,5.6,61.0,0
200,26949,0.0,0.0,9.4,52.5,0
201,36068,0.0,0.0,3.6,72.5,0
202,34932,0.0,0.0,2.9,72.0,0
203,20768,0.0,0.0,7.8,58.0,0
204,32892,0.0,0.0,2.7,76.0,0
205,31264,0.0,0.0,3.4,70.5,0
206,12549,0.0,0.0,8.9,39.0,0
207,2451,0.02,11.0,8.7,11.0,1
208,38619,0.0,0.0,4.0,74.0,0
209,3675,1.24,0.0,8.7,42.5,1
210,21832,0.37,0.0,4.5,70.0,0
211,22963,1.3,0.0,2.7,79.0,0
212,6267,0.0,0.0,13.2,11.5,0
213,16679,0.0,0.0,6.9,35.5,0
214,2600,1.17,1.2,6.7,35.0,1
215,27587,1.78,0.0,2.9,78.0,0
216,31863,0.04,0.0,5.8,81.0,0
217,32233,0.0,0.0,3.8,61.5,0
218,35670,0.0,0.0,2.0,76.0,0
219,32017,0.0,0.0,4.0,70.5,0
220,27942,0.02,0.0,6.0,63.0,0
221,34713,0.0,0.0,7.6,60.0,0
222,17806,0.0,0.0,7.6,32.5,0
223,8506,0.26,16.9,5.1,39.5,0
224,12566,0.21,0.0,8.5,43.5,0
225,33889,0.0,0.0,4.3,58.5,0
226,26080,0.15,0.0,1.6,71.0,0
227,27417,0.01,0.0,3.6,74.0,0
228,18464,0.0,0.0,6.3,52.5,0
229,34426,0.09,0.0,4.3,79.5,0
230,34492,0.0,0.0,4.7,65.5,0
231,6713,2.54,0.0,10.3,39.0,0
232,11188,0.03,5.9,5.4,25.5,1
233,17784,1.54,0.0,6.5,63.0,0
234,16798,0.4,0.0,3.6,63.5,0
235,12771,0.0,1.2,3.6,40.5,0
236,8580,0.0,9.8,5.8,19.0,0
237,16037,0.0,0.0,5.8,32.5,0
238,35458,0.0,0.0,3.4,75.0,0
239,14653,0.0,1.2,4.9,32.0,0
240,18404,0.03,0.0,8.9,47.5,0
241,12682,0.0,0.0,4.9,36.0,0
242,5986,0.0,9.1,4.9,25.0,0
243,21884,0.34,0.0,6.9,55.0,0
244,23822,0.0,0.0,4.9,75.0,0
245,30296,0.0,0.0,4.0,73.0,0
246,35532,0.0,0.0,2.2,77.0,0
247,36886,0.0,0.0,3.8,78.5,0
248,19899,0.92,0.0,5.4,56.5,0
249,25637,0.0,0.0,2.0,67.5,0
250,4338,0.04,3.9,7.6,23.5,1
251,37719,0.0,0.0,4.5,68.5,0
252,21277,0.02,0.0,8.3,59.5,0
253,33597,0.0,0.0,2.7,76.5,0
254,13549,0.0,0.0,5.1,39.0,0
255,18655,0.0,0.0,8.5,47.0,0
256,32480,0.0,0.0,5.4,67.0,0
257,16650,0.32,0.0,8.3,60.5,0
258,15101,0.35,0.0,5.4,44.0,0
259,24484,0.91,0.0,4.3,63.5,0
260,33435,0.0,0.0,3.4,71.0,0
261,28718,0.0,0.0,3.4,78.0,0
262,9739,0.0,0.0,5.6,29.5,0
263,9510,0.36,1.2,8.5,37.0,0
264,12262,0.0,2.0,6.3,40.0,0
265,15557,0.0,0.0,11.4,30.5,0
266,10979,0.0,0.0,14.1,25.0,0
267,18425,0.04,0.0,5.4,49.5,0
268,25276,0.07,0.0,2.2,71.0,0
269,12036,0.0,5.9,8.5,24.0,0
270,37204,0.0,0.0,5.1,70.0,0
271,35045,0.0,0.0,2.9,63.0,0
272,13272,0.03,0.0,3.8,40.0,0
273,22282,0.0,0.0,7.8,42.0,0
274,31636,0.0,0.0,2.9,76.5,0
275,36347,0.0,0.0,1.8,61.5,0
276,29021,0.0,0.0,1.8,74.0,0
277,13354,0.0,0.0,2.9,27.0,0
278,27807,0.0,0.0,2.7,56.0,0
279,13119,0.0,3.1,7.8,32.5,0
280,10398,0.0,5.1,4.7,21.0,0
281,31204,0.0,0.0,2.9,71.0,0
282,11792,0.03,15.0,4.9,44.0,0
283,12830,0.0,5.9,6.9,28.5,0
284,35823,0.0,0.0,2.9,75.0,0
285,17200,0.0,0.0,7.2,34.5,0
286,30406,0.06,0.0,4.7,72.0,0
287,33721,0.0,0.0,3.4,80.0,0
288,10510,0.04,0.0,11.9,36.0,0
289,34343,0.0,0.0,2.5,65.0,0
290,31742,0.0,0.0,3.8,59.5,0
291,8680,0.09,13.0,7.4,42.5,0
292,26930,0.0,0.0,4.9,76.0,0
293,17892,0.0,0.0,8.1,35.0,0
294,32580,0.0,0.0,2.7,73.0,0
295,20301,0.0,0.0,3.6,38.5,0
296,19695,0.0,0.0,8.1,47.0,0
297,31724,0.15,0.0,3.8,72.5,0
298,33189,0.19,0.0,7.4,75.0,0
299,26871,0.0,0.0,5.8,65.5,0
300,27493,0.0,0.0,3.1,72.0,0
301,37653,0.0,0.0,5.8,71.5,0
302,34944,0.0,0.0,4.3,63.5,0
303,31692,0.0,0.0,4.7,60.5,0
304,35535,0.0,0.0,3.4,79.0,0
305,35154,0.0,0.0,4.7,70.0,0
306,22689,0.0,0.0,2.2,72.5,0
307,6846,0.0,9.8,7.2,25.0,0
308,10033,0.0,1.2,6.0,16.5,0
309,13816,0.0,1.2,3.1,47.5,0
310,4480,1.81,0.0,10.7,51.0,0
311,27004,0.02,0.0,3.4,78.0,0
312,34831,0.0,0.0,2.9,79.5,0
313,28688,0.0,0.0,3.1,62.0,0
314,27436,0.0,0.0,5.8,59.0,0
315,27179,0.0,0.0,4.3,75.0,0
316,26429,0.01,0.0,4.7,72.0,0
317,27785,0.05,0.0,6.5,50.0,0
318,26757,0.0,0.0,5.8,50.0,0
319,28107,0.0,0.0,8.5,52.0,0
320,2678,0.14,3.9,3.8,33.5,0
321,6059,0.0,0.0,5.6,28.5,0
322,14057,0.0,0.0,3.6,37.5,0
323,27919,0.02,0.0,4.9,53.5,0
324,34519,0.0,0.0,4.5,69.5,0
325,20750,0.0,0.0,4.3,48.5,0
326,29721,0.0,0.0,4.7,73.0,0
327,23031,0.7,0.0,5.4,61.0,0
328,13612,0.14,0.0,5.4,69.5,0
329,19382,0.0,0.0,2.7,42.5,0
330,28832,0.0,0.0,7.4,67.0,0
331,36362,0.0,0.0,4.3,74.5,0
332,26784,0.41,0.0,6.0,68.5,0
333,34518,0.0,0.0,7.8,68.0,0
334,9847,0.11,0.0,3.4,33.5,0
335,2867,4.97,0.0,8.3,46.5,0
336,7907,0.35,0.0,10.1,44.0,0
337,10247,0.0,0.0,4.5,49.5,0
338,12196,0.0,0.0,4.3,31.0,0
339,13560,0.04,0.0,6.0,39.5,0
340,17619,0.41,0.0,4.5,56.0,0
341,35391,0.0,0.0,3.8,74.5,0
342,14500,0.0,0.0,11.9,30.0,0
343,20082,0.05,0.0,7.6,40.0,0
344,27124,0.0,0.0,4.3,54.0,0
345,8378,0.0,0.0,5.8,33.0,0
346,32956,0.0,0.0,2.9,62.5,0
347,34846,0.07,0.0,4.7,77.5,0
348,28507,0.0,0.0,2.9,76.5,0
349,14100,0.0,0.0,10.7,44.5,0
350,4854,0.0,16.9,5.4,25.0,0
351,16350,0.0,3.1,5.8,46.0,0
352,26261,0.19,0.0,5.8,74.5,0
353,24535,0.24,0.0,3.1,63.0,0
354,35097,0.0,0.0,4.0,80.0,0
355,37081,0.0,0.0,4.7,76.0,0
356,20611,0.0,0.0,7.2,38.0,0
357,27463,0.0,0.0,6.9,50.0,0
358,36496,0.0,0.0,2.7,78.0,0
359,10523,0.71,0.0,8.7,48.0,0
360,28326,0.03,0.0,3.1,71.0,0
361,21082,0.06,0.0,7.2,38.5,0
362,31330,0.11,0.0,3.6,61.0,0
363,20770,0.0,0.0,5.4,42.0,0
364,36336,0.0,0.0,2.9,76.5,0
365,8183,0.0,0.0,3.6,36.0,0
366,15818,0.51,0.0,6.0,39.0,0
367,876,1.78,11.8,12.5,30.0,1
368,31644,0.0,0.0,1.8,74.5,0
369,30539,0.0,0.0,4.5,60.0,0
370,25501,0.08,0.0,3.4,62.5,0
371,32882,0.0,0.0,4.0,59.5,0
372,18141,0.01,1.2,7.6,34.5,0
373,37092,0.0,0.0,4.9,70.0,0
374,36693,0.0,0.0,4.9,75.0,0
375,27977,0.53,0.0,5.6,75.0,0
376,16694,0.0,0.0,7.2,29.0,0
377,19051,0.0,0.0,8.7,39.5,0
378,34073,0.0,0.0,3.1,74.0,0
379,25833,0.11,0.0,4.7,79.0,0
380,8195,0.0,5.1,3.8,36.0,0
381,31133,0.0,0.0,3.6,53.0,0
382,35000,0.0,0.0,4.0,78.5,0
383,32654,0.0,0.0,3.8,77.5,0
384,13472,0.06,0.0,7.6,43.5,0
385,24619,0.87,0.0,5.6,68.5,0
386,18611,1.6,0.0,4.3,68.0,0
387,30887,0.0,0.0,2.2,58.0,0
388,1144,0.29,5.9,10.5,13.5,1
389,36384,0.0,0.0,4.3,74.0,0
390,7196,0.0,9.1,4.0,26.5,0
391,26798,0.0,0.0,5.8,65.5,0
392,18840,0.0,0.0,7.6,50.0,0
393,13598,0.0,0.0,6.7,28.0,0
394,7902,0.1,0.0,5.8,48.5,0
395,12515,0.05,0.0,8.3,46.0,0
396,29291,0.0,0.0,5.1,72.0,0
397,9169,1.51,0.0,9.4,54.0,0
398,8747,0.0,0.0,4.9,33.5,0
399,34420,0.0,0.0,2.5,68.5,0
400,28743,0.69,0.0,5.1,73.0,0
401,12922,0.0,5.9,9.4,35.5,0
402,18053,0.0,0.0,8.9,50.0,0
403,32892,0.06,0.0,4.7,67.0,0
404,16691,0.0,0.0,10.1,34.5,0
405,9246,0.0,0.0,7.2,15.5,0
406,7708,0.04,5.1,6.7,24.5,1
407,34854,0.0,0.0,5.1,80.5,0
408,12384,0.0,0.0,4.3,50.0,0
409,22913,0.0,0.0,6.7,72.0,0
410,3945,0.02,0.0,5.1,36.0,0
411,34405,0.0,0.0,4.5,71.5,0
412,7695,0.5,0.0,7.2,47.5,0
413,5140,0.16,18.1,5.1,32.5,1
414,34132,0.0,0.0,4.5,65.0,0
415,8709,0.0,7.9,2.2,28.5,0
416,28382,0.0,0.0,4.3,69.5,0
417,37453,0.0,0.0,2.7,64.0,0
418,20718,0.0,0.0,7.6,45.0,0
419,8116,1.54,0.0,3.8,46.0,0
420,15669,0.0,0.0,3.8,50.0,0
421,36105,0.0,0.0,4.0,72.5,0
422,8600,0.33,0.0,12.3,25.5,1
423,35116,0.0,0.0,4.3,67.5,0
424,13304,0.0,3.9,7.8,31.5,0
425,29501,0.12,0.0,4.0,76.0,0
426,33239,0.0,0.0,6.7,63.0,0
427,30548,0.02,0.0,7.2,65.5,0
428,23575,0.0,0.0,2.9,81.5,0
429,10399,0.08,0.0,8.3,36.0,1
430,18308,1.28,0.0,3.6,72.0,0
431,34340,0.08,0.0,4.9,77.5,0
432,9895,0.0,0.0,5.8,45.0,0
433,30044,0.01,0.0,4.7,61.5,0
434,30507,0.0,0.0,5.4,84.5,0
435,25580,0.0,0.0,5.1,59.5,0
436,4890,0.09,0.0,9.6,53.0,0
437,12503,0.0,0.0,8.1,29.0,0
438,27108,0.0,0.0,4.3,61.5,0
439,35897,0.0,0.0,4.9,74.5,0
440,33804,0.35,0.0,3.6,74.0,0
441,2292,0.0,5.9,4.9,18.5,0
442,22515,0.0,0.0,2.0,48.0,0
443,29084,0.07,0.0,5.6,66.5,0
444,34339,0.0,0.0,4.5,72.0,0
445,31174,0.0,0.0,4.7,60.5,0
446,28557,0.0,0.0,4.3,56.0,0
447,20633,0.0,0.0,5.1,44.0,0
448,33161,0.0,0.0,0.7,73.0,0
449,6002,0.35,0.0,8.9,44.5,0
450,2746,1.43,9.1,7.2,31.5,1
451,9851,0.0,0.0,7.6,36.0,0
452,29999,0.0,0.0,4.9,61.5,0
453,30288,0.0,0.0,4.9,70.0,0
454,13341,0.92,0.0,7.2,39.0,0
455,27655,0.0,0.0,2.5,52.5,0
456,9438,0.07,0.0,7.2,35.0,0
457,30288,0.0,0.0,7.4,60.0,0
458,35567,0.0,0.0,3.1,65.5,0
459,24952,0.01,0.0,5.8,58.5,0
460,26754,1.11,0.0,4.0,66.0,0
461,17231,0.0,1.2,5.4,43.5,0
462,9999,0.38,0.0,4.9,48.0,0
463,33822,0.0,0.0,3.4,77.0,0
464,22752,0.05,0.0,2.7,58.5,0
465,29912,0.0,0.0,4.9,61.5,0
466,29417,0.0,0.0,2.0,71.5,0
467,24869,0.03,0.0,5.1,77.5,0
468,3804,0.46,0.0,10.5,21.0,1
469,26057,0.15,0.0,5.4,64.5,0
470,34519,0.0,0.0,2.2,79.5,0
471,9587,0.0,5.9,4.7,16.5,0
472,32377,0.0,0.0,4.5,63.0,0
473,22641,0.04,0.0,3.1,59.0,0
474,18519,0.09,0.0,6.7,53.5,0
475,12283,0.37,0.0,3.1,52.5,0
476,18207,0.0,0.0,2.7,51.5,0
477,21630,0.0,0.0,2.9,43.0,0
478,19880,0.0,0.0,6.9,52.0,0
479,28417,0.0,0.0,4.7,67.0,0
480,33664,0.0,0.0,3.1,79.0,0
481,29358,0.0,0.0,3.4,56.5,0
482,27986,0.0,0.0,2.7,75.5,0
483,25825,0.46,0.0,4.5,78.0,0
484,8495,0.0,9.1,6.7,28.0,0
485,11740,0.0,0.0,7.4,34.5,0
486,16816,0.2,0.0,3.8,43.5,0
487,14677,0.52,0.0,6.0,48.0,0
488,32847,0.0,0.0,7.2,63.0,0
489,20346,0.02,0.0,5.8,48.0,0
490,12158,0.0,1.0,3.8,23.0,0
491,8343,0.0,9.8,5.4,21.0,0
492,16299,0.0,0.0,5.6,34.0,0
493,27734,0.05,0.0,5.8,65.0,0
494,17085,0.16,0.0,8.3,46.0,0
495,30162,0.0,0.0,2.9,76.0,0
496,17293,0.26,0.0,5.1,63.5,0
497,17443,0.0,0.0,6.0,42.0,0
498,21335,0.0,0.0,5.8,41.0,0
499,29837,0.0,0.0,4.5,57.0,0
500,5071,0.0,7.1,7.2,13.5,0
501,21926,0.0,0.0,5.8,53.0,0
502,24978,0.0,0.0,6.3,63.0,0
503,26762,0.12,0.0,4.5,64.5,0
504,2261,0.13,18.1,9.4,32.0,1
505,34392,0.0,0.0,2.5,80.5,0
506,12965,0.33,0.0,4.5,55.0,0
507,4285,0.8,0.0,5.8,51.0,0
508,13407,0.0,0.0,7.4,38.5,0
509,24356,0.0,0.0,4.7,55.5,0
510,28806,0.0,0.0,5.1,55.5,0
511,26931,0.0,0.0,6.9,53.0,0
512,35367,0.0,0.0,3.8,73.0,0
513,16666,0.0,0.0,6.7,33.0,0
514,24369,0.0,0.0,5.6,54.5,0
515,9582,0.0,0.0,4.9,31.5,0
516,9202,0.0,5.9,4.5,28.5,0
517,32713,0.39,0.0,4.7,81.0,0
518,25355,0.0,0.0,7.4,46.5,0
519,26321,0.07,0.0,3.8,56.5,0
520,4996,0.1,7.9,3.6,26.0,1
521,34173,0.19,0.0,4.9,80.0,0
522,34335,0.0,0.0,7.6,70.0,0
523,25633,0.37,0.0,2.2,64.0,0
524,32203,0.0,0.0,5.6,61.5,0
525,23394,0.0,0.0,2.7,55.5,0
526,32936,0.0,0.0,4.3,75.0,0
527,26582,0.96,0.0,3.8,81.5,0
528,33927,0.0,0.0,5.4,74.0,0
529,30011,0.0,0.0,2.9,66.0,0
530,19953,0.0,0.0,4.0,39.0,0
531,13801,0.0,3.9,5.1,32.5,0
532,33607,0.04,0.0,7.2,67.5,0
533,15367,0.08,0.0,9.2,39.0,0
534,23908,0.0,0.0,4.7,49.5,0
535,31333,0.0,0.0,3.6,66.0,0
536,35481,0.0,0.0,5.6,64.5,0
537,20652,0.2,0.0,3.6,42.0,0
538,9422,0.16,0.0,8.3,44.5,0
539,37381,0.0,0.0,2.7,66.5,0
540,3609,0.3,18.1,10.5,35.5,1
541,3003,0.0,18.1,8.9,25.5,0
542,13044,0.0,9.8,7.2,47.0,0
543,29690,0.0,0.0,7.6,59.0,0
544,35531,0.0,0.0,5.8,82.5,0
545,35093,0.0,0.0,4.7,66.5,0
546,6176,0.0,5.9,8.1,15.0,0
547,4047,1.22,0.0,4.0,44.5,0
548,37377,0.0,0.0,2.9,71.5,0
549,4141,0.48,2.0,12.8,26.5,1
550,8870,0.02,5.9,3.8,27.5,0
551,5162,0.0,18.9,6.3,19.5,0
552,38559,0.0,0.0,4.7,78.0,0
553,39870,0.0,0.0,4.5,77.0,0
554,38285,0.0,0.0,4.9,63.5,0
555,45376,0.0,0.0,6.0,59.0,0
556,40119,0.0,0.0,4.5,83.5,0
557,44581,0.0,0.0,6.3,59.5,0
558,10710,0.0,0.0,7.6,39.0,0
559,7458,0.0,11.8,11.2,23.0,0
560,44679,0.0,0.0,6.7,55.0,0
561,30214,0.0,0.0,10.7,58.0,0
562,49998,0.0,0.0,3.8,63.0,0
563,32518,0.33,0.0,4.7,60.0,0
564,21997,0.05,0.0,6.5,58.5,0
565,22074,0.0,0.0,9.2,46.5,0
566,32772,0.0,0.0,5.1,59.5,0
567,32147,0.27,0.0,2.2,72.0,0
568,42165,0.0,0.0,3.8,52.0,0
569,41655,0.0,0.0,3.8,81.5,0
570,34381,0.0,0.0,2.0,77.0,0
571,32001,0.0,0.0,3.4,61.0,0
572,15864,0.0,0.0,5.6,35.5,0
573,39595,0.0,0.0,3.8,74.0,0
574,13291,0.0,0.0,2.9,50.5,0
575,26573,0.0,0.0,3.6,72.0,0
576,34979,0.12,0.0,4.5,76.5,0
577,9646,0.0,1.2,12.8,16.0,0
578,13842,0.0,0.0,9.6,34.0,0
579,4754,0.0,7.9,7.2,19.5,0
580,26928,0.0,0.0,2.9,74.0,0
581,36837,0.12,0.0,4.9,81.5,0
582,30313,0.0,0.0,4.9,66.0,0
583,38499,0.0,0.0,2.5,81.5,0
584,30344,0.0,0.0,1.6,84.5,0
585,34719,0.09,0.0,8.7,60.0,0
586,43011,0.0,0.0,2.7,75.5,0
587,28038,0.0,0.0,6.5,47.5,0
588,7799,0.0,9.1,11.4,17.5,0
589,14355,0.01,0.0,10.1,51.0,0
590,37756,0.0,0.0,4.0,75.0,0
591,47180,0.0,0.0,7.6,66.0,0
592,37449,0.0,0.0,3.4,86.5,0
593,11202,1.37,0.0,7.4,51.5,0
594,31978,0.3,0.0,4.7,73.5,0
595,9444,1.08,0.0,12.5,52.5,0
596,35306,0.0,0.0,4.3,47.5,0
597,9901,0.0,11.0,7.2,26.5,0
598,23882,0.3,0.0,2.0,66.0,0
599,25151,0.0,0.0,3.8,68.5,0
600,6441,0.03,5.9,3.8,28.0,1
601,11269,0.0,7.9,7.4,28.0,0
602,14670,0.05,0.0,4.5,41.5,0
603,38571,0.0,0.0,3.4,80.5,0
604,5188,0.0,7.1,12.3,19.5,0
605,31532,0.0,0.0,5.6,64.0,0
606,23343,0.03,0.0,6.3,48.5,0
607,6662,0.0,7.9,8.5,33.0,0
608,17872,0.0,0.0,11.4,41.0,0
609,35251,0.0,0.0,2.9,77.5,0
610,34889,0.0,0.0,4.5,88.0,0
611,39280,0.01,0.0,5.6,81.5,0
612,42557,0.0,0.0,5.8,77.0,0
613,21594,0.0,0.0,5.1,55.0,0
614,28164,0.0,0.0,4.9,74.5,0
615,9379,0.0,2.0,6.3,36.5,0
616,26334,0.19,0.0,4.7,68.0,0
617,32066,0.0,0.0,5.4,71.0,0
618,38087,0.04,0.0,4.9,75.0,0
619,13347,0.45,0.0,6.9,40.0,0
620,13799,0.0,0.0,4.9,51.5,0
621,37821,0.0,0.0,3.4,82.5,0
622,51368,0.0,0.0,6.3,69.5,0
623,17530,0.0,3.9,8.3,41.5,0
624,23910,0.0,0.0,4.5,59.5,0
625,39350,0.0,0.0,3.1,73.5,0
626,31037,0.0,0.0,2.0,80.5,0
627,20376,0.03,0.0,5.4,45.0,0
628,8739,0.05,0.0,4.0,20.5,1
629,14878,0.01,13.0,4.7,47.0,0
630,35614,0.0,0.0,4.5,45.0,0
631,16145,0.0,2.0,6.5,37.0,0
632,1107,0.0,0.0,7.6,33.0,0
633,38888,0.0,0.0,4.9,82.5,0
634,9864,0.0,11.0,6.0,24.0,0
635,33661,0.29,0.0,4.3,74.0,0
636,48729,0.0,0.0,2.2,73.0,0
637,40916,0.0,0.0,4.0,59.0,0
638,24175,0.08,0.0,5.1,63.0,0
639,32716,0.0,0.0,3.8,76.5,0
640,48366,0.0,0.0,2.9,69.5,0
641,48011,0.0,0.0,3.4,71.5,0
642,7930,0.07,0.0,8.7,26.0,1
643,37319,0.01,0.0,5.6,56.0,0
644,1214,0.36,7.9,8.3,25.0,1
645,7514,0.25,13.0,6.0,40.0,0
646,30773,0.0,0.0,3.8,64.5,0
647,6159,0.0,9.1,10.3,10.5,0
648,10751,0.0,11.8,6.5,28.5,0
649,15485,1.12,0.0,7.4,64.5,0
650,17778,0.0,0.0,9.4,37.5,0
651,34277,0.0,0.0,4.5,77.5,0
652,43173,0.0,0.0,3.1,74.5,0
653,34139,0.0,0.0,3.8,48.0,0
654,31147,0.0,0.0,5.6,76.0,0
655,49719,0.0,0.0,1.6,62.5,0
656,3157,0.61,9.1,4.5,22.5,1
657,35786,0.0,0.0,5.1,77.5,0
658,31957,0.0,0.0,2.0,60.5,0
659,32294,0.02,0.0,5.8,82.5,0
660,7491,0.0,0.0,6.0,24.5,0
661,8052,0.4,0.0,7.8,33.5,1
662,37380,0.0,0.0,3.8,77.5,0
663,40434,0.0,0.0,2.7,85.0,0
664,24925,0.0,0.0,4.7,59.0,0
665,38943,0.0,0.0,2.5,80.0,0
666,22253,1.58,0.0,6.3,74.5,0
667,16564,0.35,0.0,11.4,52.0,0
668,33895,0.0,0.0,2.5,69.5,0
669,42879,0.0,0.0,2.0,83.5,0
670,39983,0.0,0.0,2.9,77.5,0
671,32913,0.13,0.0,4.0,81.0,0
672,10328,0.01,7.9,10.5,33.0,1
673,5401,0.0,7.9,7.6,25.0,0
674,1459,1.02,7.1,9.8,24.0,1
675,9826,0.0,0.0,6.3,35.5,0
676,38747,0.36,0.0,2.9,78.5,0
677,34005,0.0,0.0,4.0,75.0,0
678,44668,0.0,0.0,6.5,68.0,0
679,31559,0.0,0.0,4.7,67.5,0
680,30543,0.0,0.0,4.5,82.0,0
681,33071,0.0,0.0,4.0,77.5,0
682,31756,0.0,0.0,2.9,49.0,0
683,49326,0.0,0.0,2.5,60.0,0
684,20981,0.0,0.0,8.5,45.5,0
685,14506,0.0,0.0,10.5,35.0,0
686,5317,0.0,0.0,7.2,33.0,0
687,25990,0.0,0.0,4.7,48.5,0
688,21082,0.0,0.0,5.6,50.0,0
689,11984,0.37,0.0,6.3,52.5,0
690,23391,0.0,0.0,4.3,52.5,0
691,33682,0.0,0.0,4.3,81.0,0
692,32218,0.0,0.0,3.8,39.0,0
693,21706,0.0,0.0,3.4,72.0,0
694,38661,0.09,0.0,10.5,60.5,0
695,22703,0.01,0.0,3.8,60.0,0
696,40999,0.0,0.0,5.4,76.5,0
697,31622,0.0,0.0,2.0,80.0,0
698,44005,0.0,0.0,3.8,83.0,0
699,6109,0.0,1.2,8.1,19.5,0
700,29252,0.0,0.0,8.1,57.5,0
701,18075,0.0,0.0,7.8,45.0,0
702,13177,0.12,0.0,5.8,53.5,0
703,22477,0.19,0.0,4.0,43.0,0
704,22941,0.19,0.0,4.9,57.5,0
705,34304,0.0,0.0,2.9,69.0,0
706,42356,0.0,0.0,5.6,72.0,0
707,14954,0.32,0.0,2.9,52.0,0
708,27180,0.0,0.0,6.5,58.0,0
709,24868,0.2,0.0,6.0,58.5,0
710,15830,0.02,0.0,-9999.0,54.5,0
711,20736,1.4,0.0,6.7,61.0,0
712,38614,0.0,0.0,4.5,75.0,0
713,20591,0.29,0.0,5.4,67.5,0
714,44534,0.0,0.0,2.0,58.5,0
715,4784,0.14,11.8,4.7,20.5,1
716,7898,0.0,16.1,5.1,43.0,0
717,42994,0.0,0.0,4.7,78.0,0
718,31891,0.0,0.0,6.0,64.5,0
719,38030,0.0,0.0,3.8,74.0,0
720,47613,0.0,0.0,5.1,73.5,0
721,38205,0.0,0.0,5.8,55.0,0
722,16317,0.17,0.0,4.7,47.5,0
723,39956,0.0,0.0,6.9,78.5,0
724,27594,0.0,0.0,6.3,61.5,0
725,32382,0.0,0.0,3.8,77.0,0
726,25299,0.0,0.0,7.8,45.5,0
727,49121,0.0,0.0,2.2,66.5,0
728,28174,0.0,0.0,4.3,69.5,0
729,42283,0.0,0.0,2.5,75.0,0
730,18452,0.0,0.0,-9999.0,43.5,0
731,26358,0.0,0.0,2.2,45.5,0
732,7642,0.0,7.9,9.2,14.5,0
733,35225,0.0,0.0,5.4,75.0,0
734,43006,0.01,0.0,2.0,63.5,0
735,27694,0.0,0.0,2.5,65.5,0
736,34871,0.0,0.0,2.2,68.0,0
737,39060,0.0,0.0,4.7,55.5,0
738,39428,0.0,0.0,3.8,87.0,0
739,40330,0.0,0.0,2.0,78.5,0
740,42170,0.0,0.0,3.1,75.0,0
741,21890,1.25,0.0,5.6,60.5,0
742,30704,0.0,0.0,6.7,47.5,0
743,38723,0.0,0.0,3.8,75.0,0
744,33199,0.0,0.0,1.3,76.0,0
745,7283,0.0,15.0,8.1,33.0,0
746,44518,0.0,0.0,5.8,54.5,0
747,31719,0.0,0.0,2.5,78.5,0
748,35179,0.0,0.0,4.5,82.0,0
749,33917,0.0,0.0,8.5,49.5,0
750,31294,0.13,0.0,2.9,62.5,0
751,35412,0.01,0.0,4.9,75.5,0
752,39345,0.0,0.0,2.5,57.5,0
753,4478,0.71,0.0,6.5,37.5,0
754,31639,0.0,0.0,3.1,78.5,0
755,8575,0.0,7.9,7.2,19.5,0
756,18643,0.0,0.0,8.7,50.5,0
757,36570,0.0,0.0,3.8,44.0,0
758,16166,0.0,0.0,4.0,35.5,0
759,18889,0.03,0.0,8.3,40.0,0
760,8645,0.36,0.0,3.8,37.0,0
761,28531,0.0,0.0,3.1,85.5,0
762,49604,0.0,0.0,4.7,66.5,0
763,29800,0.0,0.0,7.2,47.5,0
764,31214,0.0,0.0,2.7,57.0,0
765,48783,0.0,0.0,4.0,57.5,0
766,7402,0.0,11.8,5.8,14.0,0
767,8838,0.0,0.0,11.4,40.0,0
768,50141,0.0,0.0,2.9,65.5,0
769,41485,0.0,0.0,5.1,52.0,0
770,8779,0.0,0.0,8.7,14.5,0
771,6533,0.67,14.2,4.9,29.5,1
772,37539,0.39,0.0,4.3,75.5,0
773,30213,0.0,0.0,5.6,40.0,0
774,25920,0.0,0.0,1.6,75.5,0
775,22824,0.0,0.0,3.8,57.5,0
776,23580,0.0,0.0,5.4,69.5,0
777,7467,0.0,1.2,6.0,27.5,0
778,9170,0.0,9.1,4.3,26.0,0
779,31809,0.0,0.0,5.8,49.0,0
780,8973,0.0,7.9,4.3,33.5,0
781,25087,0.57,0.0,4.7,73.5,0
782,50705,0.0,0.0,2.2,78.5,0
783,9338,0.0,5.1,5.4,38.0,0
784,38939,0.0,0.0,6.3,46.0,0
785,30136,0.0,0.0,5.8,38.5,0
786,28870,0.32,0.0,4.5,78.0,0
787,11304,0.0,0.0,7.2,38.5,0
788,42560,0.0,0.0,6.0,66.5,0
789,5590,0.0,18.1,5.1,28.0,0
790,34590,0.0,0.0,4.7,61.0,0
791,48685,0.0,0.0,6.9,66.5,0
792,37400,0.0,0.0,4.5,80.5,0
793,43291,0.0,0.0,2.2,83.0,0
794,39099,0.0,0.0,4.3,55.5,0
795,29980,0.0,0.0,5.4,79.0,0
796,39673,0.0,0.0,3.1,74.0,0
797,13914,0.0,0.0,8.1,53.0,0
798,40826,0.0,0.0,3.8,61.5,0
799,43225,0.0,0.0,1.8,82.5,0
800,30295,0.0,0.0,2.7,43.0,0
801,12333,0.01,0.0,0.9,61.5,0
802,14857,0.02,0.0,9.6,45.5,0
803,19954,0.0,0.0,3.4,54.5,0
804,41070,0.0,0.0,4.7,76.0,0
805,38038,0.32,0.0,4.3,79.0,0
806,7849,0.3,0.0,6.5,48.5,0
807,24227,0.0,0.0,6.3,54.0,0
808,35136,0.0,0.0,4.5,80.5,0
809,39916,0.29,0.0,4.0,81.5,0
810,49487,0.0,0.0,2.5,63.0,0
811,29795,0.0,0.0,7.8,60.5,0
812,12797,0.0,0.0,8.5,26.5,0
813,48725,0.11,0.0,2.7,77.5,0
814,30622,0.0,0.0,4.9,59.5,0
815,9208,0.0,7.9,8.5,28.0,0
816,16787,0.0,0.0,3.8,43.5,0
817,45358,0.04,0.0,6.5,65.0,0
818,25926,0.64,0.0,4.5,79.5,0
819,15446,0.0,0.0,5.8,36.0,0
820,21585,0.26,0.0,9.8,54.0,0
821,1795,2.1,0.0,3.8,36.5,0
822,33012,0.0,0.0,4.0,75.5,0
823,33823,0.0,0.0,6.9,60.5,0
824,29289,0.05,0.0,4.9,58.0,0
825,46484,0.0,0.0,5.4,58.5,0
826,11781,0.46,11.0,3.6,46.0,0
827,13086,0.0,0.0,6.3,24.0,0
828,40783,0.43,0.0,5.4,79.0,0
829,49047,0.01,0.0,3.6,66.5,0
830,30969,0.02,0.0,2.0,73.5,0
831,37677,0.0,0.0,4.9,78.5,0
832,38485,0.0,0.0,2.7,80.5,0
833,15234,0.0,0.0,4.3,30.5,0
834,34945,0.0,0.0,3.4,65.0,0
835,42832,0.0,0.0,3.8,76.0,0
836,6318,0.0,11.0,3.6,21.0,0
837,25743,0.0,0.0,2.9,61.0,0
838,24329,0.0,0.0,4.3,63.5,0
839,18399,0.33,0.0,6.7,47.5,0
840,47162,0.0,0.0,4.7,70.0,0
841,42262,0.0,0.0,2.0,51.0,0
842,14075,0.0,0.0,4.7,30.0,0
843,9676,0.0,0.0,7.6,35.5,0
844,28184,0.36,0.0,2.7,77.0,0
845,25066,1.17,0.0,4.3,76.0,0
846,37705,0.43,0.0,4.9,53.5,0
847,38037,0.0,0.0,4.9,69.5,0
848,35802,0.42,0.0,2.7,77.5,0
849,6790,0.02,7.9,3.8,32.5,0
850,13538,0.0,0.0,6.7,30.5,0
851,35643,0.04,0.0,5.4,49.5,0
852,16262,0.15,0.0,6.9,52.0,0
853,33402,0.0,0.0,7.4,61.5,0
854,21961,1.21,0.0,4.9,54.5,0
855,9015,0.06,7.1,10.5,28.5,1
856,11439,0.0,7.9,6.5,28.0,0
857,3906,0.81,1.2,5.6,45.5,0
858,19586,1.46,0.0,5.6,72.0,0
859,14250,0.17,0.0,5.4,41.0,0
860,33585,0.06,0.0,6.0,71.0,0
861,34794,0.04,0.0,6.3,71.0,0
862,32317,0.0,0.0,3.6,51.0,0
863,34737,0.0,0.0,4.3,46.5,0
864,31713,0.0,0.0,4.0,48.5,0
865,15737,0.0,0.0,5.6,33.5,0
866,25501,0.0,0.0,5.8,55.5,0
867,23978,0.0,0.0,4.9,44.0,0
868,27924,0.0,0.0,5.1,56.0,0
869,2581,0.0,9.1,14.5,14.5,0
870,41075,0.0,0.0,2.9,79.5,0
871,38967,0.0,0.0,3.8,61.0,0
872,18447,0.01,0.0,4.5,67.5,0
873,16129,0.0,0.0,5.8,36.0,0
874,19561,0.01,5.9,6.9,51.5,0
875,44553,0.0,0.0,4.5,52.0,0
876,16546,0.0,0.0,8.9,40.0,0
877,40726,0.0,0.0,4.0,82.0,0
878,14107,0.27,0.0,4.3,42.5,0
879,21475,0.0,0.0,8.5,56.0,0
880,17030,0.0,0.0,6.0,38.5,0
881,2879,0.52,9.8,2.2,27.5,1
882,35047,0.0,0.0,3.1,82.5,0
883,35586,0.0,0.0,4.5,62.5,0
884,14774,0.04,0.0,6.7,61.5,0
885,5160,0.09,7.9,11.0,27.0,0
886,42175,0.0,0.0,3.8,77.0,0
887,42766,0.0,0.0,4.9,86.5,0
888,51179,0.0,0.0,1.3,77.0,0
889,37283,0.89,0.0,4.0,69.5,0
890,45584,0.0,0.0,3.8,66.5,0
891,33710,0.08,0.0,5.1,77.5,0
892,35559,0.0,0.0,1.1,74.5,0
893,41755,0.0,0.0,2.5,72.5,0
894,40462,0.0,0.0,7.8,71.5,0
895,13843,0.0,0.0,9.8,31.5,0
896,1637,0.76,13.0,5.8,29.5,1
897,50179,0.0,0.0,3.4,65.5,0
898,23782,0.14,0.0,2.9,51.5,0
899,20146,0.0,0.0,5.1,41.5,0
900,15283,0.72,0.0,10.3,54.5,0
901,52706,0.0,0.0,4.3,71.0,0
902,38970,0.0,0.0,10.7,52.0,0
903,14817,1.55,0.0,3.6,58.0,0
904,50285,0.0,0.0,2.0,77.5,0
905,4614,0.02,7.9,5.4,24.0,1
906,3998,0.0,9.1,6.9,12.0,0
907,4274,0.1,13.0,2.9,37.5,1
908,35934,0.0,0.0,4.0,77.5,0
909,35464,0.0,0.0,3.6,67.5,0
910,39445,1.26,0.0,8.3,69.0,0
911,4814,0.72,3.1,6.0,36.0,1
912,24943,0.0,0.0,3.4,46.0,0
913,31166,1.95,0.0,4.3,81.5,0
914,4141,0.48,2.0,12.8,26.5,1
915,8870,0.02,5.9,3.8,27.5,0
916,5162,0.0,18.9,6.3,19.5,0
917,38559,0.0,0.0,4.7,78.0,0
918,39870,0.0,0.0,4.5,77.0,0
919,38285,0.0,0.0,4.9,63.5,0
920,45376,0.0,0.0,6.0,59.0,0
921,40119,0.0,0.0,4.5,83.5,0
922,44581,0.0,0.0,6.3,59.5,0
923,10710,0.0,0.0,7.6,39.0,0
924,7458,0.0,11.8,11.2,23.0,0
925,44679,0.0,0.0,6.7,55.0,0
926,30214,0.0,0.0,10.7,58.0,0
927,49998,0.0,0.0,3.8,63.0,0
928,32518,0.33,0.0,4.7,60.0,0
929,21997,0.05,0.0,6.5,58.5,0
930,22074,0.0,0.0,9.2,46.5,0
931,32772,0.0,0.0,5.1,59.5,0
932,32147,0.27,0.0,2.2,72.0,0
933,42165,0.0,0.0,3.8,52.0,0
934,41655,0.0,0.0,3.8,81.5,0
935,34381,0.0,0.0,2.0,77.0,0
936,32001,0.0,0.0,3.4,61.0,0
937,15864,0.0,0.0,5.6,35.5,0
938,39595,0.0,0.0,3.8,74.0,0
939,13291,0.0,0.0,2.9,50.5,0
940,26573,0.0,0.0,3.6,72.0,0
941,34979,0.12,0.0,4.5,76.5,0
942,9646,0.0,1.2,12.8,16.0,0
943,13842,0.0,0.0,9.6,34.0,0
944,4754,0.0,7.9,7.2,19.5,0
945,26928,0.0,0.0,2.9,74.0,0
946,36837,0.12,0.0,4.9,81.5,0
947,30313,0.0,0.0,4.9,66.0,0
948,38499,0.0,0.0,2.5,81.5,0
949,30344,0.0,0.0,1.6,84.5,0
950,34719,0.09,0.0,8.7,60.0,0
951,43011,0.0,0.0,2.7,75.5,0
952,28038,0.0,0.0,6.5,47.5,0
953,7799,0.0,9.1,11.4,17.5,0
954,14355,0.01,0.0,10.1,51.0,0
955,37756,0.0,0.0,4.0,75.0,0
956,47180,0.0,0.0,7.6,66.0,0
957,37449,0.0,0.0,3.4,86.5,0
958,11202,1.37,0.0,7.4,51.5,0
959,31978,0.3,0.0,4.7,73.5,0
960,9444,1.08,0.0,12.5,52.5,0
961,35306,0.0,0.0,4.3,47.5,0
962,9901,0.0,11.0,7.2,26.5,0
963,23882,0.3,0.0,2.0,66.0,0
964,25151,0.0,0.0,3.8,68.5,0
965,6441,0.03,5.9,3.8,28.0,1
966,11269,0.0,7.9,7.4,28.0,0
967,14670,0.05,0.0,4.5,41.5,0
968,38571,0.0,0.0,3.4,80.5,0
969,5188,0.0,7.1,12.3,19.5,0
970,31532,0.0,0.0,5.6,64.0,0
971,23343,0.03,0.0,6.3,48.5,0
972,6662,0.0,7.9,8.5,33.0,0
973,17872,0.0,0.0,11.4,41.0,0
974,35251,0.0,0.0,2.9,77.5,0
975,34889,0.0,0.0,4.5,88.0,0
976,39280,0.01,0.0,5.6,81.5,0
977,42557,0.0,0.0,5.8,77.0,0
978,21594,0.0,0.0,5.1,55.0,0
979,28164,0.0,0.0,4.9,74.5,0
980,9379,0.0,2.0,6.3,36.5,0
981,26334,0.19,0.0,4.7,68.0,0
982,32066,0.0,0.0,5.4,71.0,0
983,38087,0.04,0.0,4.9,75.0,0
984,13347,0.45,0.0,6.9,40.0,0
985,13799,0.0,0.0,4.9,51.5,0
986,37821,0.0,0.0,3.4,82.5,0
987,51368,0.0,0.0,6.3,69.5,0
988,17530,0.0,3.9,8.3,41.5,0
989,23910,0.0,0.0,4.5,59.5,0
990,39350,0.0,0.0,3.1,73.5,0
991,31037,0.0,0.0,2.0,80.5,0
992,20376,0.03,0.0,5.4,45.0,0
993,8739,0.05,0.0,4.0,20.5,1
994,14878,0.01,13.0,4.7,47.0,0
995,35614,0.0,0.0,4.5,45.0,0
996,16145,0.0,2.0,6.5,37.0,0
997,1107,0.0,0.0,7.6,33.0,0
998,38888,0.0,0.0,4.9,82.5,0
999,9864,0.0,11.0,6.0,24.0,0
1000,33661,0.29,0.0,4.3,74.0,0
1001,48729,0.0,0.0,2.2,73.0,0
1002,40916,0.0,0.0,4.0,59.0,0
1003,24175,0.08,0.0,5.1,63.0,0
1004,32716,0.0,0.0,3.8,76.5,0
1005,48366,0.0,0.0,2.9,69.5,0
1006,48011,0.0,0.0,3.4,71.5,0
1007,7930,0.07,0.0,8.7,26.0,1
1008,37319,0.01,0.0,5.6,56.0,0
1009,1214,0.36,7.9,8.3,25.0,1
1010,7514,0.25,13.0,6.0,40.0,0
1011,30773,0.0,0.0,3.8,64.5,0
1012,6159,0.0,9.1,10.3,10.5,0
1013,10751,0.0,11.8,6.5,28.5,0
1014,15485,1.12,0.0,7.4,64.5,0
1015,17778,0.0,0.0,9.4,37.5,0
1016,34277,0.0,0.0,4.5,77.5,0
1017,43173,0.0,0.0,3.1,74.5,0
1018,34139,0.0,0.0,3.8,48.0,0
1019,31147,0.0,0.0,5.6,76.0,0
1020,49719,0.0,0.0,1.6,62.5,0
1021,3157,0.61,9.1,4.5,22.5,1
1022,35786,0.0,0.0,5.1,77.5,0
1023,31957,0.0,0.0,2.0,60.5,0
1024,32294,0.02,0.0,5.8,82.5,0
1025,7491,0.0,0.0,6.0,24.5,0
1026,8052,0.4,0.0,7.8,33.5,1
1027,37380,0.0,0.0,3.8,77.5,0
1028,40434,0.0,0.0,2.7,85.0,0
1029,24925,0.0,0.0,4.7,59.0,0
1030,38943,0.0,0.0,2.5,80.0,0
1031,22253,1.58,0.0,6.3,74.5,0
1032,16564,0.35,0.0,11.4,52.0,0
1033,33895,0.0,0.0,2.5,69.5,0
1034,42879,0.0,0.0,2.0,83.5,0
1035,39983,0.0,0.0,2.9,77.5,0
1036,32913,0.13,0.0,4.0,81.0,0
1037,10328,0.01,7.9,10.5,33.0,1
1038,5401,0.0,7.9,7.6,25.0,0
1039,1459,1.02,7.1,9.8,24.0,1
1040,9826,0.0,0.0,6.3,35.5,0
1041,38747,0.36,0.0,2.9,78.5,0
1042,34005,0.0,0.0,4.0,75.0,0
1043,44668,0.0,0.0,6.5,68.0,0
1044,31559,0.0,0.0,4.7,67.5,0
1045,30543,0.0,0.0,4.5,82.0,0
1046,33071,0.0,0.0,4.0,77.5,0
1047,31756,0.0,0.0,2.9,49.0,0
1048,49326,0.0,0.0,2.5,60.0,0
1049,20981,0.0,0.0,8.5,45.5,0
1050,14506,0.0,0.0,10.5,35.0,0
1051,5317,0.0,0.0,7.2,33.0,0
1052,25990,0.0,0.0,4.7,48.5,0
1053,21082,0.0,0.0,5.6,50.0,0
1054,11984,0.37,0.0,6.3,52.5,0
1055,23391,0.0,0.0,4.3,52.5,0
1056,33682,0.0,0.0,4.3,81.0,0
1057,32218,0.0,0.0,3.8,39.0,0
1058,21706,0.0,0.0,3.4,72.0,0
1059,38661,0.09,0.0,10.5,60.5,0
1060,22703,0.01,0.0,3.8,60.0,0
1061,40999,0.0,0.0,5.4,76.5,0
1062,31622,0.0,0.0,2.0,80.0,0
1063,44005,0.0,0.0,3.8,83.0,0
1064,6109,0.0,1.2,8.1,19.5,0
1065,29252,0.0,0.0,8.1,57.5,0
1066,18075,0.0,0.0,7.8,45.0,0
1067,13177,0.12,0.0,5.8,53.5,0
1068,22477,0.19,0.0,4.0,43.0,0
1069,22941,0.19,0.0,4.9,57.5,0
1070,34304,0.0,0.0,2.9,69.0,0
1071,42356,0.0,0.0,5.6,72.0,0
1072,14954,0.32,0.0,2.9,52.0,0
1073,27180,0.0,0.0,6.5,58.0,0
1074,24868,0.2,0.0,6.0,58.5,0
1075,15830,0.02,0.0,-9999.0,54.5,0
1076,20736,1.4,0.0,6.7,61.0,0
1077,38614,0.0,0.0,4.5,75.0,0
1078,20591,0.29,0.0,5.4,67.5,0
1079,44534,0.0,0.0,2.0,58.5,0
1080,4784,0.14,11.8,4.7,20.5,1
1081,7898,0.0,16.1,5.1,43.0,0
1082,42994,0.0,0.0,4.7,78.0,0
1083,31891,0.0,0.0,6.0,64.5,0
1084,38030,0.0,0.0,3.8,74.0,0
1085,47613,0.0,0.0,5.1,73.5,0
1086,38205,0.0,0.0,5.8,55.0,0
1087,16317,0.17,0.0,4.7,47.5,0
1088,39956,0.0,0.0,6.9,78.5,0
1089,27594,0.0,0.0,6.3,61.5,0
1090,32382,0.0,0.0,3.8,77.0,0
1091,25299,0.0,0.0,7.8,45.5,0
1092,49121,0.0,0.0,2.2,66.5,0
1093,28174,0.0,0.0,4.3,69.5,0
1094,42283,0.0,0.0,2.5,75.0,0
1095,18452,0.0,0.0,-9999.0,43.5,0
1096,26358,0.0,0.0,2.2,45.5,0
1097,7642,0.0,7.9,9.2,14.5,0
1098,35225,0.0,0.0,5.4,75.0,0
1099,43006,0.01,0.0,2.0,63.5,0
1100,27694,0.0,0.0,2.5,65.5,0
1101,34871,0.0,0.0,2.2,68.0,0
1102,39060,0.0,0.0,4.7,55.5,0
1103,39428,0.0,0.0,3.8,87.0,0
1104,40330,0.0,0.0,2.0,78.5,0
1105,42170,0.0,0.0,3.1,75.0,0
1106,21890,1.25,0.0,5.6,60.5,0
1107,30704,0.0,0.0,6.7,47.5,0
1108,38723,0.0,0.0,3.8,75.0,0
1109,33199,0.0,0.0,1.3,76.0,0
1110,7283,0.0,15.0,8.1,33.0,0
1111,44518,0.0,0.0,5.8,54.5,0
1112,31719,0.0,0.0,2.5,78.5,0
1113,35179,0.0,0.0,4.5,82.0,0
1114,33917,0.0,0.0,8.5,49.5,0
1115,31294,0.13,0.0,2.9,62.5,0
1116,35412,0.01,0.0,4.9,75.5,0
1117,39345,0.0,0.0,2.5,57.5,0
1118,4478,0.71,0.0,6.5,37.5,0
1119,31639,0.0,0.0,3.1,78.5,0
1120,8575,0.0,7.9,7.2,19.5,0
1121,18643,0.0,0.0,8.7,50.5,0
1122,36570,0.0,0.0,3.8,44.0,0
1123,16166,0.0,0.0,4.0,35.5,0
1124,18889,0.03,0.0,8.3,40.0,0
1125,8645,0.36,0.0,3.8,37.0,0
1126,28531,0.0,0.0,3.1,85.5,0
1127,49604,0.0,0.0,4.7,66.5,0
1128,29800,0.0,0.0,7.2,47.5,0
1129,31214,0.0,0.0,2.7,57.0,0
1130,48783,0.0,0.0,4.0,57.5,0
1131,7402,0.0,11.8,5.8,14.0,0
1132,8838,0.0,0.0,11.4,40.0,0
1133,50141,0.0,0.0,2.9,65.5,0
1134,41485,0.0,0.0,5.1,52.0,0
1135,8779,0.0,0.0,8.7,14.5,0
1136,6533,0.67,14.2,4.9,29.5,1
1137,37539,0.39,0.0,4.3,75.5,0
1138,30213,0.0,0.0,5.6,40.0,0
1139,25920,0.0,0.0,1.6,75.5,0
1140,22824,0.0,0.0,3.8,57.5,0
1141,23580,0.0,0.0,5.4,69.5,0
1142,7467,0.0,1.2,6.0,27.5,0
1143,9170,0.0,9.1,4.3,26.0,0
1144,31809,0.0,0.0,5.8,49.0,0
1145,8973,0.0,7.9,4.3,33.5,0
1146,25087,0.57,0.0,4.7,73.5,0
1147,50705,0.0,0.0,2.2,78.5,0
1148,9338,0.0,5.1,5.4,38.0,0
1149,38939,0.0,0.0,6.3,46.0,0
1150,30136,0.0,0.0,5.8,38.5,0
1151,28870,0.32,0.0,4.5,78.0,0
1152,11304,0.0,0.0,7.2,38.5,0
1153,42560,0.0,0.0,6.0,66.5,0
1154,5590,0.0,18.1,5.1,28.0,0
1155,34590,0.0,0.0,4.7,61.0,0
1156,48685,0.0,0.0,6.9,66.5,0
1157,37400,0.0,0.0,4.5,80.5,0
1158,43291,0.0,0.0,2.2,83.0,0
1159,39099,0.0,0.0,4.3,55.5,0
1160,29980,0.0,0.0,5.4,79.0,0
1161,39673,0.0,0.0,3.1,74.0,0
1162,13914,0.0,0.0,8.1,53.0,0
1163,40826,0.0,0.0,3.8,61.5,0
1164,43225,0.0,0.0,1.8,82.5,0
1165,30295,0.0,0.0,2.7,43.0,0
1166,12333,0.01,0.0,0.9,61.5,0
1167,14857,0.02,0.0,9.6,45.5,0
1168,19954,0.0,0.0,3.4,54.5,0
1169,41070,0.0,0.0,4.7,76.0,0
1170,38038,0.32,0.0,4.3,79.0,0
1171,7849,0.3,0.0,6.5,48.5,0
1172,24227,0.0,0.0,6.3,54.0,0
1173,35136,0.0,0.0,4.5,80.5,0
1174,39916,0.29,0.0,4.0,81.5,0
1175,49487,0.0,0.0,2.5,63.0,0
1176,29795,0.0,0.0,7.8,60.5,0
1177,12797,0.0,0.0,8.5,26.5,0
1178,48725,0.11,0.0,2.7,77.5,0
1179,30622,0.0,0.0,4.9,59.5,0
1180,9208,0.0,7.9,8.5,28.0,0
1181,16787,0.0,0.0,3.8,43.5,0
1182,45358,0.04,0.0,6.5,65.0,0
1183,25926,0.64,0.0,4.5,79.5,0
1184,15446,0.0,0.0,5.8,36.0,0
1185,21585,0.26,0.0,9.8,54.0,0
1186,1795,2.1,0.0,3.8,36.5,0
1187,33012,0.0,0.0,4.0,75.5,0
1188,33823,0.0,0.0,6.9,60.5,0
1189,29289,0.05,0.0,4.9,58.0,0
1190,46484,0.0,0.0,5.4,58.5,0
1191,11781,0.46,11.0,3.6,46.0,0
1192,13086,0.0,0.0,6.3,24.0,0
1193,40783,0.43,0.0,5.4,79.0,0
1194,49047,0.01,0.0,3.6,66.5,0
1195,30969,0.02,0.0,2.0,73.5,0
1196,37677,0.0,0.0,4.9,78.5,0
1197,38485,0.0,0.0,2.7,80.5,0
1198,15234,0.0,0.0,4.3,30.5,0
1199,34945,0.0,0.0,3.4,65.0,0
1200,42832,0.0,0.0,3.8,76.0,0
1201,6318,0.0,11.0,3.6,21.0,0
1202,25743,0.0,0.0,2.9,61.0,0
1203,24329,0.0,0.0,4.3,63.5,0
1204,18399,0.33,0.0,6.7,47.5,0
1205,47162,0.0,0.0,4.7,70.0,0
1206,42262,0.0,0.0,2.0,51.0,0
1207,14075,0.0,0.0,4.7,30.0,0
1208,9676,0.0,0.0,7.6,35.5,0
1209,28184,0.36,0.0,2.7,77.0,0
1210,25066,1.17,0.0,4.3,76.0,0
1211,37705,0.43,0.0,4.9,53.5,0
1212,38037,0.0,0.0,4.9,69.5,0
1213,35802,0.42,0.0,2.7,77.5,0
1214,6790,0.02,7.9,3.8,32.5,0
1215,13538,0.0,0.0,6.7,30.5,0
1216,35643,0.04,0.0,5.4,49.5,0
1217,16262,0.15,0.0,6.9,52.0,0
1218,33402,0.0,0.0,7.4,61.5,0
1219,21961,1.21,0.0,4.9,54.5,0
1220,9015,0.06,7.1,10.5,28.5,1
1221,11439,0.0,7.9,6.5,28.0,0
1222,3906,0.81,1.2,5.6,45.5,0
1223,19586,1.46,0.0,5.6,72.0,0
1224,14250,0.17,0.0,5.4,41.0,0
1225,33585,0.06,0.0,6.0,71.0,0
1226,34794,0.04,0.0,6.3,71.0,0
1227,32317,0.0,0.0,3.6,51.0,0
1228,34737,0.0,0.0,4.3,46.5,0
1229,31713,0.0,0.0,4.0,48.5,0
1230,15737,0.0,0.0,5.6,33.5,0
1231,25501,0.0,0.0,5.8,55.5,0
1232,23978,0.0,0.0,4.9,44.0,0
1233,27924,0.0,0.0,5.1,56.0,0
1234,2581,0.0,9.1,14.5,14.5,0
1235,41075,0.0,0.0,2.9,79.5,0
1236,38967,0.0,0.0,3.8,61.0,0
1237,18447,0.01,0.0,4.5,67.5,0
1238,16129,0.0,0.0,5.8,36.0,0
1239,19561,0.01,5.9,6.9,51.5,0
1240,44553,0.0,0.0,4.5,52.0,0
1241,16546,0.0,0.0,8.9,40.0,0
1242,40726,0.0,0.0,4.0,82.0,0
1243,14107,0.27,0.0,4.3,42.5,0
1244,21475,0.0,0.0,8.5,56.0,0
1245,17030,0.0,0.0,6.0,38.5,0
1246,2879,0.52,9.8,2.2,27.5,1
1247,35047,0.0,0.0,3.1,82.5,0
1248,35586,0.0,0.0,4.5,62.5,0
1249,14774,0.04,0.0,6.7,61.5,0
1250,5160,0.09,7.9,11.0,27.0,0
1251,42175,0.0,0.0,3.8,77.0,0
1252,42766,0.0,0.0,4.9,86.5,0
1253,51179,0.0,0.0,1.3,77.0,0
1254,37283,0.89,0.0,4.0,69.5,0
1255,45584,0.0,0.0,3.8,66.5,0
1256,33710,0.08,0.0,5.1,77.5,0
1257,35559,0.0,0.0,1.1,74.5,0
1258,41755,0.0,0.0,2.5,72.5,0
1259,40462,0.0,0.0,7.8,71.5,0
1260,13843,0.0,0.0,9.8,31.5,0
1261,1637,0.76,13.0,5.8,29.5,1
1262,50179,0.0,0.0,3.4,65.5,0
1263,23782,0.14,0.0,2.9,51.5,0
1264,20146,0.0,0.0,5.1,41.5,0
1265,15283,0.72,0.0,10.3,54.5,0
1266,52706,0.0,0.0,4.3,71.0,0
1267,38970,0.0,0.0,10.7,52.0,0
1268,14817,1.55,0.0,3.6,58.0,0
1269,50285,0.0,0.0,2.0,77.5,0
1270,4614,0.02,7.9,5.4,24.0,1
1271,3998,0.0,9.1,6.9,12.0,0
1272,4274,0.1,13.0,2.9,37.5,1
1273,35934,0.0,0.0,4.0,77.5,0
1274,35464,0.0,0.0,3.6,67.5,0
1275,39445,1.26,0.0,8.3,69.0,0
1276,4814,0.72,3.1,6.0,36.0,1
1277,24943,0.0,0.0,3.4,46.0,0
1278,31166,1.95,0.0,4.3,81.5,0
